complaint_what_happened,ticket_classification,processed_text
"due to the horrific covid19 virus and the severe loss of jobs and/or income, i sadly speaking have been affected by this impact as well! 

i did get approved by JP Morgan Chase Bank to participate in their program where they agreed to allow ME to defer the mortgage for 3 months ( 90 days ), but what is extremely cruel, sad and inappropriate is due to the Fact that after the ( 90 day ) period, the bank is expecting the home owners to cough UP all of the money for the ( 90 days ) and pay them back ALL AT ONCE! 

this is a very Poor Business Tactic and it is extremely offensive, uncalled for, unprofessional, ridiculous and Just Not Fair and Not Right! 

i am still suffering by the way! 

By Right : they should be adding on the ( 3 ) Deferred Payments To The End Of The Loan AND Modifying Those Such Loans such as MINE Automatically With A Guaranteed, Lower, Fixed Monthly Mortgage And Interest Rate At Least For 5-10 Years That Is Still Guaranteed To Go Down Every Month Like It Has So Far! 

Moving Right Along : i did hear that they Can Offer A Modification which would be a Fixed Lower Mortgage Payment with a Fixed Lower Interest Rate for the Life Of The Loan and that Would Have Helped because I could probably ask one of my close relatives to HELP ME out somewhat with MY Mortgage. 

it just seems like the bank just wants ME to Lose My Home and i sincerely hope that that is Not The Case! 

for your information : my Loan Number with JP Morgan Chase Bank is : Loan Number : # XXXX thank you. 

sincerely yours, XXXX XXXX XXXX XXXX JP Morgan Chase Bank Customer For Over 10 Years +",Mortgage + Conventional home mortgage,horrif covid19 virus sever loss job incom speak impact jp bank particip program agre defer mortgag month day cruel inappropri fact day period bank home owner money day pay extrem unprofession right way right ad payment end loan modifi loan mine automat guarante month interest rate year month hear offer modif mortgag payment fix interest rate life loan close relat help bank home sincer case inform loan number jp bank loan number thank sincer jp bank custom year +
"On XX/XX/XXXX, I went to a local branch of CHASE bank where I have a checking and savings account ( minimum balance of {$15000.00} maintained to avoid monthly charges ) and a couple of XXXX credit cards ( XXXX and CHASE Freedom ) and completed a new credit card application with a customer service representative. I have nothing negative to say about the representative or the branch manager who I also spoke with briefly. 


I was applying for the CHASE XXXX XXXX XXXX XXXX. I told them that I had been denied the card when I had previously applied for it last XX/XX/XXXX. I thought I'd reapply for it since it had been 8 months since the denial. The branch people did not discourage me from reapplying. They even called the credit card department and got a non-committal response from them. The reason for my optimism was that my FICO score during this entire 8-month period has been over XXXX and has been to the best of my recollection always rated Excellent ever since I recall checking my scores. 


Today, I received another rejection letter. The only reason given was that there were "" too many credit cards opened in the last two years associated with you. '' I thought that the FICO score already reflected my having "" too many credit cards opened in the recent past. '' In spite of that, my FICO score is and has always been exceptionally high. Incidentally, I did an honest analysis of my financial status using your XXXX XXXX XXXX and scored a respectable XXXX.",Credit card or prepaid card + General-purpose credit card or charge card, branch chase bank check account balanc maintain month charg coupl credit card chase freedom credit card custom briefli chase appli month denial branch peopl discourag reappli credit card depart reason fico score period alway rate excel check score today letter reason credit card year fico score alreadi credit card past. score alway incident analysi financi status use score respect 
on XX/XX/2016 I went online and purchased an auto part for a car repair. I called the online company later that day to cancel the order they told me that it would take 2 to 3 business days for the credit to hit my account. On XX/XX/2016 I checked my account online and I noticed the charge for the part as I scrolled down to XX/XX/2016 I noticed the credit back into my account so I contacted Chase and asked the representative why is the credit to my account being offset by the charge? He said this is the way chase post a credit into the account. I said it 's basic math that a negative and positive gives you XXXX so where is the credit back into my account. He of course says it was done on the day of the charge but if on that day my account had XXXX dollars and the part cost XXXX then my balance would be XXXX so if I cancel the part then I should see XXXX credit back to my account. But that 's not what happened Chase is inflating my balance with the credit with the retailer cancelling the charge by offsetting the charge so it 's a wash like nothing happened but there is no credit back to me. Chase is back posting which is not correct the posting ledger should work in real time not posting credits and debits based on their best interest.,Bank account or service + Checking account,onlin purchas auto part car repair onlin compani day order told day credit account check account charg part scroll credit chase ask credit account charg way chase post credit account math posit  credit account day day dollar part cost  balanc part credit account chase balanc credit cancel charg charg wash credit chase post correct post ledger work time post credit debit base interest
"I am not familiar with XXXX pay and did not understand the great risk this provides to consumers. I believed this to be safe as it was through my Chase bank app. I have been with Chase for almost 20 years and trust their mobile banking and now am sadly regretful. I am being told to deal with the merchant except the merchant has refused to answer my inquiries and now shut down communication. The website of the said merchant looks entirely legitamite and is even using the faces of highly successful brands with individuals linked to their social media without their consent. In performing research of the phone number and other associated information available through PI it is very clear this merchant is continually creating new account title holders to perpetuate this cycle of fraud. Furthermore as this is a non fixed voip being used I believe they are fraudulently using the identity of the real XXXX XXXX Chase Bank told me they wouldnt even investigate, report this to XXXX or allow me to file a report or take any potential recourse for the matter. There isnt even a protocol in place to address this issue yet! The chase mobile app verbiage makes a point to deceptively position this app as under the branch of Chase banking service and as such, imply a degree of entitlement to its customer service protection protocols. Chase has your back which reads on the very same link as the XXXX tab ... .is most certainly not true. This places consumers at risk when using this mobile service and does not flag the concern of Chase in the slightest. At minimum the risk of using XXXX on your mobile banking app must realistically be made aware to the public as it stands to be potentially devastating I have plans to file reports with all corresponding authorities as well as notify and contact the individual whose identity is being misused to inform him. I also intend to urge My neighbor who works in television that the news network should perhaps present the risk of using XXXX and XXXX integrated banking apps to the public. I understand fraud and scamming are overwhelming rampant but a banking mogul such as Chase not having any recourse of action is simply a risk that needs to Be disclosed more throughly. I would not have clicked on the to link to the extent I did if I would have been better informed.",Checking or savings account + Checking account,pay risk provid consum chase bank app year trust mobil bank regret deal merchant merchant refus answer inquiri websit look legitamit face success brand individu consent research phone number avail pi merchant continu creat account holder perpetu cycl fraud furthermor fix voip use believ fraudul use  chase bank report report matter place address issu chase mobil app point decept posit app branch bank servic degre entitl custom protect protocol link tab place consum risk use mobil servic flag concern chase slightest minimum risk use bank app stand plan report correspond author contact individu misus inform neighbor work news network perhap present risk use bank understand fraud scam overwhelm bank mogul chase action simpli risk link extent inform
"Hello, I would like to challenge the ruling that was mailed to me recently deny my claim by Chase Bank in regards to the that happened on XX/XX/2019.The charge was due to a Scam in which I was scammed out of over 400 $ by this individual/sneaker retailer.The individual/retailer was contacted by me in regards to some sneakers they had been advertising online .I sent the money through XXXX XXXX for two separate purchases one for XXXX and the other for approx 160 .I would like the transactions reversed due to the fact I never received the merchandise and the merchant has since disappeared and removed all online listings of products.I have contacted my bank and provided them with pictures of the transaction details and they have denied me my reversal .I do however feel like the agent that I intially spoke to has some bias towards me due to our previous interaction prior to the denial .I am a working individual and I have never been late with any payments and have payed off thousands of dollars to Chase Bank credit card .Chase recently sent me 2 letters denying both claims and the explanations for denial sound skeptical.Please help me! 

thankyou for your time and I appreciate your review of this Matter",Credit card or prepaid card + General-purpose credit card or charge card,hello challeng rule mail deni claim bank regard charg scam retailer.th individual/retail contact regard sneaker advertis onlin money  separ  .i transact fact merchant sinc remov list products.i contact bank provid pictur transact detail deni feel spoke bias interact work payment pay dollar bank credit card letter deni claim sound time review matter
"When l checked my XXXX Credit Report, l noticed that an unknown hard inquiry was made by CHASE CARD on XX/XX/2016 which l have no idea about it at all.","Credit reporting, credit repair services, or other personal consumer reports + Credit reporting",l check credit report inquiri card l idea
Identity theft occurred : While I was in XXXX a man with a fake id and fake credit card walk into a chase bank in XXXX and withdrew {$5200.00} from one of my bank accounts. I realized this happend and went to a chase back in XXXX the next morning. At that point we filed identity theft with all XXXX credit beuros and also with Chase. The XXXX managers who were in the room with me than showed me a closed caption video of the man in XXXX withdrawing the money. Proving that not only did case not do there job in checking from proper I 'd in the XXXX branch but also showed me hard proof that indeed someone had stolen my id. They all admired worng doing and told me I would relieve the money within 30 days. Since I have learned that Chase has denied my claim and will not give the money back to me. They told me that because it was the same XXXX drivers Licence used in XXXX and XXXX that it had to be me. Also I have never been to XXXX. And chase knows that becuse they at the time were the only bank and credit card I used. And I had never booked a trip to XXXX.,Bank account or service + Checking account,ident theft occur man credit card bank bank account morn point file ident theft credit beuro chase manag room show caption video man money case job branch proof inde someon id admir worng money day sinc chase deni claim money driver licenc use  chase becus time bank credit card use book trip 
"On XX/XX/XXXX I was charged by XXXX XXXX for {$3000.00} The services to be rendered was to provide businesses that were actively looking for financing. Leads that were not valid had a return policy with no contract and claims of easy cancellation. The {$3000.00} was prepaying for leads not yet received. Very quickly I realized that the leads were fake and the company had a reputation for selling bad data and bad leads. I immediately sent emails and called the company to cancel our account and discontinue receiving leads. The company either didn't respond or continued to pass me to different departments or people that I needed to speak with. Ultimately as I continued to call the phone number for the company was disconnected and felt there was no other avenue to cancel other than through the credit card ( Chase XXXX ). I began my dispute with Chase. I had several calls back and forth with Chase going as far as three-way conferencing XXXX to show that the phone number was disconnected. They assured me this was a very simple matter and that it would be resolved quickly. On XX/XX/XXXX I received the first official written response from Chase that XXXX claimed that the charge was valid and that I had never canceled the service. The supporting document that Chase sent to me that I have copies of are completely illegible. On that letter that was dated XX/XX/XXXX they gave me a deadline to respond by XX/XX/XXXX which is obviously impossible as the date of the letter was after the deadline. I called Chase again and express my worry that the date of the letter and the date of the deadline didn't match up, and that the supporting documents that XXXX had provided was completely unreadable, and had no way of responding as I did not know what it was that was sent. I was told that they were handling it and not to worry about the mismatching dates. On XX/XX/XXXX I received a letter stating that they had completed research of the dispute and ruled in favor of XXXX. The provided documents did not have any logical response to the fact that I was not able to cancel as I was not able to reach anyone by email or phone through repeated attempts. I called Chase who told me that this was normal and that I simply needed to fax them a letter stating that I would like to reopen the dispute. I did so immediately. On XX/XX/XXXX I received a letter stating that because the original charge was too old they had closed the case and there was nothing I could do about it. I am not after repeated attempts with Chase to get further explanation on the timeline and mistakes contacting the CFPB to help with the issue.",Credit card or prepaid card + General-purpose credit card or charge card,charg render provid busi look financ return polici contract claim easi cancel prepay lead fake compani reput lead email call compani cancel account discontinu lead compani pass depart peopl speak continu call phone number compani cancel credit card  chase sever call chase show phone number disconnect matter receiv claim charg servic support document chase complet illeg letter date respond imposs date letter deadlin chase express worri date letter date document  complet unread way respond sent worri mismatch date letter state complet research disput rule favor provid document fact cancel abl email phone repeat attempt call chase letter state disput immedi letter state origin charg case chase get timelin mistak contact cfpb help issu
"I received an SBA loan for my business via chase bank for {$140000.00} on the XXXX of XXXX, I went there withdrew {$5000.00} to make a business purchase which I was allowed to. On Monday I went to the bank to make other payments on my business but was told to come back based on appointment the next day. 

The next day I went to the bank and was told my account and funds had been frozen along with a letter sent by mail that they were taking actions to close my bank account based on suspicious activity on the account. I went to the bank to find out more about this claims and they insisted that if I wanted to retain the account I needed to bring prove of the business along with the loan. I sent in all documents of Incorporation, EIN documents, my loan documents and all documents pertaining to my business. 

Was told within 2 days I would get a response from them. Its been more than a month and some days and all I get from them is a run around, they tell me I need to register the business in Florida but its already a registered business in Washington where the business is actually located and Florida is just my state of residence, yet they insist that I must register it in Florida which I dont find advisable since I do not operate my business in Florida, Secondly I have taken all prove of business to them already which should be sufficient enough but rather I am getting a run around each time I visit the bank or call to check on my account status. 

I have been given the run around over and over, I called the number I was given by the bank manager and after calling and being on hold for over hours they said they were going to hold on to the money in my account without giving any reason to it. 

Please I would like you to assist in getting this issue resolved.",Checking or savings account + Savings account,receiv sba loan busi bank busi purchas allow bank payment busi base appoint day day bank account fund letter mail action bank account base suspici activ account bank find insist retain need bring busi loan document incorpor document loan document document pertain busi day month day regist washington busi locat florida state resid dont busi florida prove busi alreadi time visit bank call check account status number bank manag call hour money account reason resolv
"I am a Chase private banking client with Chase Sapphire checking account. Yesterday my family in XXXX used wire transfer to transfer {$5000.00} to my Chase Sapphire checking account. For Chase Sapphire checking account, per Chase policy, there should be no wire transfer fee for either outgoing or incoming wire transfers. Meantime, my family already paid separately the wire transfer fees to XXXX bank, in which they initiated this wire transfer. Therefore, the amount that I should receive in my Chase checking account should be exactly {$5000.00}. However, there was only {$4900.00} deposited into my Chase checking account from this wire transfer. Apparently, Chase charged me {$15.00} hidden fee for this incoming wire transfer. My family further inquired with XXXX bank and was told by XXXX bank that the wire transfer amount that I should receive should be exactly {$5000.00}. XXXX bank confirmed that the missing {$15.00} must be charged by Chase as the receiving bank.

I reported this issue to Chase Private Client customer service. However, Chase representative treated me very impatiently and unprofessionally. She didn't resolve this issue at all. I am very disappointed with your Chase Bank customer service. 

I am escalating this issue to CFPB, and am requesting Chase to immediately post the {$15.00} to my Chase Sapphire Checking account because Chase should NOT charge me this {$15.00} fee at all.",Checking or savings account + Checking account,chase privat bank client chase check account yesterday use wire transfer transfer chase check account chase check account chase polici wire transfer fee incom wire transfer meantim alreadi separ wire transfer fee bank wire transfer therefor amount receiv chase check account howev deposit check account wire transfer appar fee incom wire transfer inquir bank bank wire transfer amount bank confirm chase bank report chase privat client custom servic howev chase unprofession issu disappoint bank custom servic issu cfpb request chase immedi post chase check account chase charg fee
On the dates of XX/XX/XXXX toXX/XX/XXXX. The transactions seemed not timed well and alerts seemed delayed at times again. This seems to happen around the XXXX to XXXX or so of every month at times. I would love to see smooth transactions. It is almost as if one individual at Chase is consistantly touching on my account to cause fault. Hopefully Chase can trace its employees actions if unusual. If it can happen at XXXX it can happen to a customer.,Checking or savings account + Checking account,date  to time time month time transact chase consist account caus fault hope trace action unusu custom
"Chase Auto Finance - I took a loan out in XX/XX/XXXX. My mother was the primary and I was the co-signer on the loan. I made every payment on this loan and all payments were made on time. In XX/XX/XXXX, my mother passed away. I called Chase Auto Finance in XX/XX/XXXX, several times trying to find out what I needed to do to get the loan into my name only as my credit score was above a 680 and I had made all payments on the loan. The reps I spoke with transferred me to the probate department. They advised that they would be sending me documents to fill out and return. I never received the documents and made several attempts to speak to someone again concerning this over e next several months. I continued to make all payments on the loan. In XX/XX/XXXX, I applied for a loan to purchase a house and when I got my credit report, it showed my loan with Chase Finance as paid in full as of XX/XX/XXXX. It also showed the account as being closed. On XX/XX/XXXX, I contacted Chase Auto Finance via secure messages through their website and advised the situation and wanted to know why the credit reporting had stopped, had the loan been paid off through insurance, etc. and why was the loan showing as paid in full when I had still been making payment every month since XX/XX/XXXX. Chase Auto Finance replied back stating that a Service Specialist would call me with 72 business hours. I then received a letter in the mail dated XX/XX/XXXX, that stated, "" We confirmed that we are unable to report your account information to the consumer reporting agencies at this time. '' I emailed Chase Auto Finance back on XX/XX/XXXX, and advised that a no one ever called me concerning my email, the letter was a joke as it did not answer any questions that I had and stated something I clearly already knew, that they were not reporting to the credit agencies. I received a reply stating that they did call on XX/XX/XXXX, ( not 72 business hours from my inquiry ) and were unable to leave a voicemail. I replied back and advise that was untrue as I have had the same phone and number for well over 10 years and never had any issues with voicemail and I looked back at my call log and no one from Chase Auto Finance called on XX/XX/XXXX. I received a reply back again stating that a Senior Service Specialist would call me back in 72 business hours. At this time that this all occurred, I was down to making the last 3 payments, XX/XX/XXXX, XX/XX/XXXX and XX/XX/XXXX. The loan would have been paid in full. I advised Chase Auto Finance in my XX/XX/XXXX, email that I would not make another payment until this matter was resolved. In XX/XX/XXXX, their Collections Department did start making calls and I have spoken to the agents and no one has assisting in any manner. One agent did send the documents to get the title once loan is paid in full into just my name and my deceased mother 's name taken off. I did make another payment on XX/XX/XXXX. Please assist me in getting the credit reporting corrected as well as finding out whether Chase Auto Finance owes me the payments that have been made on this loan since XX/XX/XXXX. This has caused a lot of stress and negative credit when I am trying to purchase a home.",Vehicle loan or lease + Loan,auto financ loan mother loan payment loan payment time  pass auto financ  time tri get loan name credit score payment loan transfer probat depart advis document fill return document sever attempt speak someon concern month payment loan  loan credit report loan chase financ  account  contact auto financ websit situat credit report loan insur loan show payment month sinc auto financ repli state specialist hour letter mail date  state report account consum report chase auto financ concern email letter joke question state report credit agenc state call  hour inquiri unabl voicemail untru phone number year look log chase auto financ call receiv repli state specialist busi hour time payment loan auto financ  email payment matter resolv  call assist manner agent document loan name mother name payment  credit report auto financ payment loan sinc caus lot stress credit tri home
"To whom it may concern : I am filing this complaint against Chase Bank as I have been attempting to resolve a matter concerning an ACH withdrawal from my XXXX XXXX XXXX XXXX ( "" XXXX '' ) in the amount of {$140.00} which apparently was transferred to a wrong Chase account. As a result, I have been dealing with this situation for three months with no resolution. As the chain of events are read, I 'm perplexed as there is no process in place for situations like this. I 'm certain I 'm not the first or will be the last person to be faced with this issue. Additionally, I realize the amount is minimal but at this point it 's the principle of not having a process in place and someone other than my son received {$140.00}. 
Chain of Events : 1. Took advantage of the process to send my son money ( a XXXX who resides in XXXX ) from my XXXX account to his Chase checking account via the XXXX XXXX vendor ( which was solicited through accessing my XXXX account ). This amount was for {$140.00} and sent on XXXX/XXXX/2016. The funds were immediately debited from my account. 
2. My son accepted the transfer and completed a profile with XXXX XXXX to complete the process. 
3. My son and I received notification the funds were available as of XXXX/XXXX/2016. However, when my son checked his account, the funds were never transferred as confirmed. 
4. I contacted XXXX advising of the issue and was advised the funds were successfully transferred, to wait a few more days, and call back if the funds are yet to be transferred. 
5. I waited and no transfer to my son 's Chase account. I called XXXX back and was advised I needed to contact Chase with tracking number, XXXX to see if they could track where the funds transferred. 
6. My son and I called Chase on a conference call and explained the situation, the representative confirmed the funds did not transfer and advised they could n't help. The representative suggested to file a claim with my bank ( XXXX ). I advised I took those actions already hence the reason for the call. The representative laughed and advised I must be clear on advising my bank I need to file an ACH claim. 
7. I called XXXX again and advised of the situation. I was then advised there was absolutely nothing they could do and I needed to call the vendor for resolution. 
8. My son and I called the vendor on a conference call and was advised they could n't assist with a resolution and I needed to call my bank and/or Chase. I advised both actions were taken hence the reason we are contacting them. The representative then advised they would attempt to look into it but unlikely they 'd be able to assist. 
9. My son nor I heard back from the vendor as advised, so I decided to send an online inquiry to XXXX requesting to open an ACH claim as I 've been going back and forth with all parties with no resolution. 
10. After several online inquiries, XXXX submitted a claim with the vendor for further research. 
11. A month went by without a response or resolution. I sent another online inquiry to XXXX and received a response indicating there was nothing the vendor could do and I needed to contact Chase for resolution. I advised again that my son and I went down that route with no resolution. The XXXX representative working my claim attempted to contact Chase directly but was advised there was nothing they could do unless possibly my son, myself, XXXX and Chase are on a conference call. I advised at this time with my son 's and my schedule it would be too challenging to attempt to coordinate such a call. Also, I 've spent too much time already attempting to resolve this matter with all parties as suggested. 
Which brings me to this point of writing a regulatory complaint for further review/resolution as I believe there should be a more efficient process and/or a process created to alleviate future cases for other customers.",Bank account or service + Checking account,concern file complaint chase bank attempt matter concern amount appar transfer chase account result deal month resolut chain event read process place situat person face issu addit realiz amount point principl process place someon son chain event advantag process son money resid   account check account vendor access account amount fund debit account son accept transfer complet profil complet process son receiv fund avail howev son check account fund confirm contact advis issu advis fund success transfer day fund wait transfer son chase account call need contact track number see fund transfer son call chase confer call explain situat fund transfer advis file claim bank action alreadi henc reason call advis bank ach claim call advis situat vendor resolut son call vendor confer call advis bank chase action reason contact assist son vendor advis inquiri  request ach claim ve resolut onlin inquiri submit claim vendor research month inquiri receiv vendor resolut advis son resolut claim attempt contact chase advis son chase confer call time son schedul call time attempt resolv matter parti point complaint review/resolut believ effici process and/or process creat allevi futur case custom
"I work for my family business and was given checks to deposit into my own account as it is my wage. I showed the bank the paystubs, w2, and payroll register of the company to show that the checks were written to me and verified by both the owner and CPA. Chase however decide to restrict my account and took my money for both the check deposit, cash deposit on ATM and all my money in the account. I use that account to pay bills and now i am unable to pay bills because they thought the checks were fraudulent. I have went to branch to clear this out but it was no help. 

XXXX in check on hold and {$1400.00} cash on hold from atm deposit that was a loan from a family so I can pay mortgage for this month. 

Total balance on lock is {$6400.00}.",Checking or savings account + Checking account,work famili deposit account wage bank paystub w2 payrol regist compani show owner cpa decid restrict account money check deposit cash deposit money account use account pay bill pay bill fraudul branch help check cash deposit loan pay month balanc lock
"On XX/XX/2019 contact Chase Bank to inquire about reopening a new account. I was told I needed to clear an amount that was in collections, then I could proceed. I paid the disclosed amount, and the rep, Mr. XXXX noted my profile, and told me that I was still eligible to bank with Chase, and could open a new account at my leisure. I stopped by my local branch on XX/XX/XXXX, and scheduled an appointment to open my new account for XX/XX/XXXX. I opened my new accounts at the branch with a truly amazing banker named Ms XXXX. The next day I also opened a Finn account for use when I travel locally and abroad. I also opened a U Invest account for investing on XX/XX/XXXX. On XX/XX/XXXX I stopped by a branch in XXXX Florida to make a cash deposit at the ATM machine, and the transaction was denied multiple times. I called customer service to check on this, and was transferred to their Loss prevention dept. I was shocked to find out that all my accounts were restricted, and the rep I talked to told me they were going to be closed, and she had no valid reason that she could provide. She also said I could NEVER open any accounts with Chase again. She apologized, and said Chase decided to close the accounts, and that was that. This is unacceptable. I can not condone or overlook this type of discrimination. There was no strange or irregular activity on any of my accounts. Chase extended even extended an invitation to restart our financial relationship. I do not appreciate the way Chase has treated me.",Checking or savings account + Checking account,contact chase bank inquir account amount collect disclos amount rep note profil bank chase account leisur branch appoint account account branch truli amaz banker name ms day finn account travel account  branch cash deposit atm machin deni multipl time custom check loss prevent dept shock account restrict rep talk reason account chase apolog chase decid account type discrimin activ account chase restart financi relationship way treat
"I was a cardholder of the Chase XXXX XXXX Rewards Visa XXXX credit card in XX/XX/XXXX-XX/XX/XXXX. This card came with a sign up bonus of three XXXX XXXX ( tier 1-4 ) free nights which I earned in XX/XX/XXXX. The nights can be used for the following year. During the year of XX/XX/XXXX, however, I experienced a series of health issues which prohibited me from traveling. I was in bed rest in almost the entire year, and I had a XXXX in XX/XX/XXXX. 

This credit card had a {$450.00} annual fee for the 1st year which increased to {$550.00} at renewal in XX/XX/XXXX. Given my health condition, I called Chase and XXXX XXXX Customer Services ( CS ) in early XX/XX/XXXX to discuss my situation. Chase confirmed my free nights should still be fine if I closed my credit card. XXXX XXXX responded that they would be willing to extend the free nights for me, but I need to call them again when those free nights are about to expire since their system doesnt allow them to extend the nights too early. 

Given the advices I got from Chase and XXXX XXXX, I closed my credit card afterwards. On XX/XX/XXXX, I called XXXX XXXX to extend the nights but only to be shocked that they said unable to do so since my credit card was canceled in XX/XX/XXXX. That was not my understanding from before from Chase or ever brought up when I first discussed with XXXX XXXX. Even the rep didnt realize the system requires the credit card. After talking with numerous people, a CS manager suggested me calling XXXX corporate office. I did, but after checking with his manager, the rep told me XXXX XXXX would not honor the bonus since that was part of Chase credit card promotion. 

Last month, I retrieved a copy of the Chase credit card terms. Clearly it does not say the free night bonuses require an active credit card. I then contacted Chase Executive Office. But after one month of research, the rep ( XXXX ) told me now there is nothing Chase can do but I should go back to talk to XXXX XXXX since Chase never took the bonus nights away after I closed my card. It was XXXX XXXX 's problem. 

This is an unbelievable example of how a customer can be misdirected, ripped off and unfairly treated by big companies like Chase and XXXX XXXX due to their own misunderstanding, miscommunications and misleading advice. This is not acceptable.",Credit card or prepaid card + General-purpose credit card or charge card,chase reward visa credit card - card bonus  night earn night use year year  howev health issu prohibit travel bed rest year credit card fee year renew health condit chase custom servic cs discuss situat night credit card respond night night expir sinc system extend night earli credit card  night shock sinc credit card cancel understand chase discuss system credit card peopl cs manag call  corpor offic check manag rep bonus part chase credit card promot month chase credit term night bonus requir activ credit card execut offic month research rep chase talk  sinc chase bonus night card problem custom misdirect treat chase misunderstand advic accept
"I received an email from someone within my institution about a XXXX XXXX XXXX XXXX   opportunity ( I found out after the fact that their account was compromised due to phishing ). I applied for the job and received an email from XXXX XXXX ( XXXX ), as well as a text ( XXXX ) letting me know that I was accepted. I then received a packet in the mail on XX/XX/20, with which I was provided cashier 's checks from XXXX XXXX XXXX XXXX totaling {$2900.00}, which I was to deposit in my checking account before completing my task. The instructions were to go to the nearest XXXX XXXX and purchase two {$1200.00} gift cards and fill out a survey on my store experience. My compensation would be the difference in what I was paid and what I purchased in gift cards. I also received a follow-up call from this man afterwards, who asked me about my experience at the store and seemed very nice on the phone. After following the instructions of sending the codes on the backs of the gift cards to the phone number ( XXXX ) and email address ( XXXX ), I was then asked to send a cashier 's check and money order donation to the XXXX XXXX XXXX -- which I have not done, now that I know this was a scam. 
As a result, the checks bounced, I was charged {$36.00} in fees from Chase Bank for these checks, and I am out the {$2500.00}, which Chase is not willing to help with. 
I have filed several reports, contacted the XXXX XXXX, and notified the Federal Trade Commission, none of which were able to do much to help me recover the funds or solve the issue. But I wanted to make as many organizations aware of this fraudulent scheme as possible. This man is claiming to be with XXXX XXXX ( a legitimate secret shopping/market research company ). I also filed a police report with XXXX XXXX, IL Police Dept ( # XXXX ) at ( XXXX ) XXXX.","Money transfer, virtual currency, or money service + Traveler's check or cashier's check",receiv email someon opportun fact account compromis phish job receiv    let mail 20 cashier check check account complet task instruct   gift card fill survey store experi gift card call man afterward store phone instruct send code card phone number email address  cashier check money order donat scam result check bounc fee bank check chase report feder trade commiss none help fund solv issu mani fraudul scheme possibl man claim secret shopping/market research compani report dept  
"Hi, I have a Chase credit card just one. I havent used it in a while. It had a credit on it and every month Id get a statement in the mail telling me that I owe nothing and there is a credit. I thought the ethical thing to do was to call and have them issue me a check for the credit amount. They did. I brought the check to Chase and they wouldnt cash it, ostensibly because I have no checking account at Chase Bank. I dont, thats true. All I have is a credit card, which I dont use. So, basically, I received an uncashable check from them. It would cost me more to open a checking account at Chase than the check is worth. 
Just thought consumers should be aware of this practice.",Credit card or prepaid card + General-purpose credit card or charge card,hi credit card havent use credit month id statement mail tell credit thing call issu check credit amount check chase wouldnt cash check account bank dont credit card dont use check check account chase check worth consum practic
"I was the "" sole borrower '' of the student loans for my children 's XXXX colleges, for the amount of ~ {$130000.00}, which has been "" approved '' for discharged on XX/XX/2020, due to my XXXX-XXXX, by the Department of Education DOE. 

In addition, my children were the "" borrowers '' of an additional ~ {$100000.00}, for their XXXX colleges. I was their "" co-signer '' Their XXXX student loans are being deferred on a year-by-year basis, until they complete their XXXX schools. They will be completing their XXXX degrees in 2 years. 

DOE informed me that it could yet approve the discharge that portion of the student loans, for I am the "" co-signer '', not the "" borrower ''. Unless, my children can not repay back their XXXX student loans, upon completing their XXXX  degrees, ( XXXX pursuing to be a XXXX  '', XXXX pursuing to be a XXXX XXXX ). 

Today, my children 's XXXX student loans require no payments. In the next 2 years, my children 's XXXX student loans require no payments. In my opinion, when my children complete their XXXX  degrees, they will be able to repay their XXXX student loans payments Only in the events that my children can not repayment their student loans after 2 years, then, as a "" co-signer '', I shall assume that liability of their XXXX student loans. 

DOE informed me that I am eligible for approval for their XXXX-XXXX, for then, I become the "" sole borrower '', thus eligible-by-similarity for prior student loans discharge for "" XXXX-XXXX Today, Chase is using that against me, calculating that payments, into my application for "" home refinance '', thus disqualify me for lower interest rate.",Mortgage + Conventional home mortgage,borrow student loan  colleg amount 2020 depart educ doe addit colleg student loan basi complet school complet degre year doe inform portion student loan student loan complet degre pursu  today student loan payment year student loan payment opinion degre repay student loan payment event student loan year student loan inform elig borrow student loan today chase use payment home refin interest rate
"I opened a XXXX XXXX credit card to help give me more time to pay off my Chase card. I initiated several balance transfers that went through, the third one resulted in a new balance on my XXXX XXXX card, but that same balance never came off of my Chase card. It has now been nearly two months and Chase claims to have never received the payment, while XXXX XXXX claims the check they sent was cashed a week later. This has resulted in me being unable to use my Chase card and now unable to even make the minimum payment. I essentially have been screwed into having the same balance on XXXX cards. While XXXX XXXX agreed to file a claim disputing the charge, in the meantime this has been hugely detrimental to my financial wellbeing and I will likely be unable to pay in time to prevent the Chase card being closed. This is a massive disaster that would not have occurred had either side stepped up in time to resolve this issue. They both shifted blame elsewhere and left me in the lurch even though it was not my fault, I followed the same procedure as before and they confirmed that the info I provided was 100 percent accurate.",Credit card or prepaid card + General-purpose credit card or charge card,credit card time pay card balanc transfer result balanc  card balanc card month chase claim payment claim check cash week use card payment balanc card agre file claim disput charg meantim detriment financi wellb pay time chase card massiv disast step time issu shift blame fault procedur confirm info percent accur
"J.P MORGAN CHASE BANK is in violation of the Fair Credit Reporting Act ( FCRA ), 15 U.S.C. 1681 et seq., for unlawfully obtaining my XXXX  consumer report on XX/XX/2019 without my authorization or a permissible purpose under the FCRA. See 15 U.S.C. 1681b. 
I have not initiated any transaction with J.P MORGAN CHASE BANK. Further, I do not have an account as defined under 15 U.S.C. 1693a ( 2 ) with J.P MORGAN CHASE BANK for review or collection.","Credit reporting, credit repair services, or other personal consumer reports + Credit reporting",j.p bank credit report act fcra u.s.c et seq. unlaw report author permiss purpos fcra j.p bank u.s.c j.p bank review collect
Transaction date XXXX amount {$120.00} I purchased tickets that I never received I disputed with my bank Chase that gave ne provisional credit at the time of complaint XXXX and now XXXX I receive s letter stating my account is going to be charged back {$120.00} This is unfair to me as a customer of the bank which is my money that is being taken from me on fraudulent charges at this point now. I paid for a service that I never received.,Checking or savings account + Checking account,transact date amount purchas ticket bank chase provision credit time complaint receiv letter state account bank money point receiv
"In late XXXX, I was informed by Washington DC that due to an audit ( that completed in XXXX of XXXX XXXX, they had determined that the previous owner, XXXX XXXX, had mistakenly received a homestead deduction for the property during XXXX through XXXX. My partner and I purchased this property at XXXX XXXX XXXX XXXX in XXXX of XXXX. At the time of our purchase, there were no outstanding property taxes due. However, after this audit, it was determined by Washington DC that XXXX XXXX owed the district {$14000.00}. As we had 45 days to submit our response, I had reached out to the Title company we had used to establish the best way forward. However, with the COVID situation, communication was slow so it was taking awhile to patch together what had happened. In the meantime, On XX/XX/XXXX, I received a letter from Chase indicating that "" We don't collect money to pay exemption revoked taxes as part of your escrow payment. However, after we received your request, we made a one-time courtesy payment of {$14000.00} to District of Columbia. '' I want it very clear that neither my partner nor I made ANY request to Chase to make this courtesy payment. Chase made an unauthorized payment on our behalf without asking as nor informing us until after they went ahead and did something. And due to Chase making this payment we have been hamstrung in fixing the situation. While Chase makes it sound like they provided a special payment on our behalf, what they really did was drain down our originally funded escrow account. Our monthly payments are going up by over 1/3rd to rebuild our escrow account. Something that would not be necessary had Chase not paid it while we contested this retroactively revoked taxes payment. Now, we are in an awkward spot of trying to have Chase ask for a refund to get our escrow money back and then also have DC negate their demand that we owe them this {$14000.00} revoked back taxes owed by the previous owner. Our title company has made it clear we were not liable for that amount. 
I have called twice to have Chase ask the DC Homestead office for a refund for that amount so that the current owners can contest the payment. Both times have been followed by Chase sending us a letter indicating that they called the taxing authority and verified that there were no overpayments on our account and that everything is paid for and on-time. THIS IS NOT WHAT WE TALKED ABOUT ON THE PHONE. Each time I have called, I have asked for Chase to work towards getting the {$14000.00} recalled back. Instead they seem to just check the box that everything is ok. Washington DC doesn't think anything is wrong either because they got their money. With the Covid situation, communications with the DC Homestead office has been extremely slow as we try to rectify this situation. What Chase needs to be contacting is the DC Homestead office and not the DC Tax office. Also why am I getting letters back instead of a person to confirm what happened. Why not a three way call set up if necessary?",Mortgage + Conventional home mortgage, washington dc audit complet owner deduct properti partner properti time purchas tax howev audit washington dc district day submit titl compani use way howev covid situat take awhil patch togeth happen meantim letter chase indic money pay revok tax part payment howev receiv request payment district partner request chase payment chase payment behalf ask inform someth chase payment hamstrung fix situat sound payment behalf realli drain fund escrow account month payment escrow account someth chase contest retroact tax payment spot tri chase refund money demand tax owe owner titl compani amount dc homestead refund amount owner contest payment time chase letter call tax author verifi overpay account everyth on-tim talk phone time call work box everyth washington money covid situat dc homestead extrem tri rectifi situat contact dc tax offic letter person happen way call
"After waiting months to receive my husbands unemployment from out of state, chase seized our entire account balance without warning leaving us with nothing. They wont say when we will get the money back or give us any information to solve the problem. They left us with absolutely nothing and scratching our heads. Were honest, hard working people who have never committed fraud in our lives. Were supposed to be innocent until proven guilty but Im having to prove I didnt do anything wrong to get my own money back. In the meantime I cant pay my bills. The funds were deposited from the NY department of labor on XX/XX/XXXX and XX/XX/XXXX. The account balance of XXXX were seized XX/XX/XXXX. I spent 2 hours on the phone with the company and went to the physical branch as well. They just keep saying the decision has been made. We have {$0.00} to our name with bills coming up in a few days.",Checking or savings account + Checking account,month receiv husband state chase seiz entir account balanc warn money solv problem head work peopl fraud proven guilti im didnt anyth money meantim pay bill fund deposit depart labor account balanc seiz hour phone compani branch say decis name bill day
The bank own the house. The owner never told me nothing. I FOUND OUT WHEN WATER WAS SHUT OFF..cause he pay it. That was on the lease agreement. SO NOW I WANT TO STOP IT FROM BEING SOLD TO ANY ONE potential buyers,Mortgage + Other mortgage,bank owner water pay agreement potenti buyer
"Please accept this formal complaint on behalf of my client ( Client or Borrower ) regarding the malicious intent and willful misconduct exhibite d by Chase ( Chase or t he Bank ) during my Clients application for a mortgage loan and for the duration of the closing process for her refinance mortgage loan with the Bank. We have overwhelming support that clearly demonstrates repeated regulatory violation s by Chase during this transaction and, of which, are the basis for this complaint. The premise of the compla int lies in the damages faced by my Client as a result of delay tactics and other egregious behavior used by  Chase to p ersuade borrowers, including, but not limited to, my Client to walk away from loans when the Bank finds itself unwilling to honor rates that it had committed to.     At the onset, we would like to emphasize that there is no justifiable basis for  Chase to deny the loan to this Borrower who has timely complied with each and every request made by Chase, has the income and assets to support the debt service and has impeccable credit. Moreover, since Chase never intended to honor the terms originally committed to by them, they have intentionally failed to process the loan in c ompliance with Banking Regulations, including, but not limited to Regulation B and have also proceeded to k nowingly commit numerous TRID violations. This is a tactic which many of the loan officers that I work closely with ( and state that they have other borrowers with similar situations ) have advised me that Chase uses in order to frustrate their borrowers and force them to look elsewhere for a loan when they do  not want to proceed with under originally committed terms. The following is a timeline of the significant events that transpired with regards to the loan to my Client ( note that we followed up each and every week and any gap in such timeline does not indicate a failure to follow up on behalf of the  Borrower, but  a failure from the Bank to provide any information regarding the status of the loan ) :  XXXX   XXXX ,  XXXX  my  Client beg an the process of applying to refinance her new home wi th Chase .      Between  XXXX   XXXX ,  XXXX  and  XXXX   XXXX ,  XXXX , several emails went back and forth with the loan officer,  XXXX   XXXX , and a list of required documents was provided. The loan officer,  XXXX   XXXX  and  Borrower be gan to gather all information required.      XXXX   XXXX ,  XXXX  all of the required information was sent to the loan  officer. Included with the correspondence that attached such required information was an explanation that the Borrower would be applying for a refinance to pay off an existing private loan on the property and pay down a line of credit on another property ( which li  ne of credit funds were used to improve the property being given as collateral to the Bank ).       XXXX   XXXX ,  XXXX  an email was sent requesting the status of same.      XXXX   XXXX ,  XXXX  another email was sent requesting the status and the loa n officer  stated that disclosures had been sent out although they had not been received. Disclosures were finally received, but there were several mistakes noted on the documents.      XXXX   XXXX ,  XXXX  - Borrower received   a conditional approval with an interest rate of 3.875 % ( the correct interest rate ) and points of 0.250 % ( which the loan officer promised would be waived ). NOTE THAT A LOAN ESTIMATE WAS NEVER PROVIDED AS REQUIRED UNDER TRID WITHIN 3 DAYS FROM LOAN APPLICATION.       XXXX   XXXX ,  XXXX  and f or nine ( 9 ) consec utive days thereafter- emails were sent to the loan  officer requesti ng the status of the corrected lock in rate agreement and status of the loan.      XXXX   XXXX ,  XXXX  lock in rate agreement was received but same reflected higher points than what was on the conditional approval and initial documentation. The loan  officer assured the Client that those points would all be waived. AGAIN, AT THIS TIME, A LOAN ESTIMATE WAS NOT PROVIDED. Moreover, Borrower submitted additional documentation requested, including a letter of explanation stating what th e loan proceeds would be used for ( although there were several emails dated as early as  XXXX   XXXX  or before which included such information ).      XXXX   XXXX ,  XXXX   XXXX   XXXX   contacted Borrower for  a good faith payment which was essentially the cost of the appraisal wh ich Borrower paid by cre dit card over the phone.      XXXX   XXXX ,  XXXX   XXXX   XXXX ,  XXXX  Several emails were sent to the Bank during  such time ( note that at a minimum 1-2 emails are sent and 1-2 phone calls are made weekly to the Bank requesting the status of this lo an ). On  XXXX   XXXX ,  XXXX , the appraisal of the house was conducted.      XXXX   XXXX ,  XXXX  our law firm received a title request and the title commitment, preliminary CD, chain of title and prior survey were provided. Note that at such time, a tentative closing date had been set but n o Lenders Estimate had yet been issued to the Borrower.       XXXX   XXXX ,  XXXX  after many emails and phone calls, we received a  copy of the appraisal which indicated that the appraised value of the home was {$640000.00} ( higher than Client initially anticipated ). We immediately sent an email to the loan officer inquiring as to whether it would be possible to increase the loan amount from {$500000.00} to {$520000.00} based on the appraisal and the loan officer ,  XXXX   XXXX  responded with an email dated  XXXX   XXXX ,  XXXX , statin g Done. Loan amount increased to {$520000.00}. Again, no Lenders Estimate was issued at this time . After such date, the loan process stopped.     This firm and  the Borrower called 3-4 times a week and sent emails 3-4 times  a week requesting an explanation for such stall. During this time we also began copying  XXXX   XXXX ,  XXXX   XXXX   manager on t he correspondences and calling  XXXX   XXXX  but  XXXX   XXXX  never responded to any emails or telephone calls. The only information we were given at the time was that there was a technical issue and that the loan  officer would get back to us. Weeks passed, the Borrower and this firm  continued to call  XXXX   XXXX , the person who sent the initial title request and  XXXX   XXXX  to no avail. Client and I even reached out  to the manager of t he branch where  XXXX   XXXX  works and could not resolve the issue. The only correspondence or answers that we would receive stated that there was a technical issue and that  XXXX   XXXX  would not be responsible for the costs of extending the rate lock.      XXXX   XXXX ,  XXXX  Borrower contacted  XXXX   XXXX   XXXX  VP- Sr Lending  manager for South Florida .       XXXX   XXXX ,  XXXX  the technical issue was suddenly resolved.  XXXX   XXXX  was assigned to th e Borrower and the loan proceeded to move again. The Borrower  was required to resubmit all supporting documentation to the loan since all previously submitted documents were now stale.     Between  XXXX   XXXX ,  XXXX  and  XXXX   XXXX ,  XXXX  additional loan documentation and repeat loan documentation was provide d by Borrower . Durin g such time,  XXXX   XXXX  requested that  XXXX   XXXX  sign the application and we sent an email to  XXXX   XXXX  indicating that all of the information on the application was incorrect ( including the loan officers own name ). During this time,  XXXX   XXXX  began stating that they were waiting for underwriting to make a decision on t he loan ( Regulation B  violation ). We kept inquiring as to what this meant  since Borrower had  been conditionally approved since  XXXX . Several times during this process, we would send correspondence with complaints as to how this was being handled and no such complaints were ever addressed ( another regulatory violation ).      XXXX   XXXX ,  XXXX   Borrower received a c all from  XXXX   XXXX   to discus s how the loan proceeds were to be used. In such conversatio n, Borrower was told that the loan amount would be in the mid $ 300,000s ( below the jumbo loan limit and about {$200000.00} less than the original and revised loan amounts ). Again, all do cuments still included the original loan amount of {$500000.00} and we had correspondence from  XXXX   XXXX  stating  Done.  Loan amount increased to {$520000.00}. Never had a reduction in the loan amount been discussed. After such conversation, this firm sent a correspondence to  XXXX   XXXX ,  XXXX   XXXX ,  XXXX   XXXX  and  XXXX   XXXX  setting forth the violations above and below. Such correspondence included reference to the use of the proceeds  ( to pay o ff the private lender and pay down the line of credit ). No action was taken, as with any previous complaints ( regulatory violation ).      XXXX   XXXX ,  XXXX   XXXX   XXXX  and  XXXX   XXXX   called Borrower to state  that they were unaware of the private lender and that same would change the terms of the loan ( please note above that there were emails dated as far back as  XXXX   XXXX ,  XXXX  explaining how the proceeds would be used, there was a letter of explanation that was part of the loan file which stated that the proceeds were to be used to pay the private lender and the title commitment provided in  XXXX   ( and co rrespondence accompanying same ) shows the mortgage   to be satisfied by the private lender ). This was further evidence that Chase had not even reviewed the loan documentation provided and had no intention of honoring the loan terms and closing on the loan per the originally committed terms. Please further note that to date, a Lenders Estimate has never been provided.
This Lenders behavior amounts to malicious intent and willfu  l misconduct. Chases blatant disregard for banking regulations is inexcusable. My Client has suffered extensive damages due to this Banks delays and deceit including, but not limited to, paying higher interest rates on the private loan encumbering her primary home, default rates and penalties on the payoff of the private loan  ( due solely  to this delay and the fact that the loan has matured, not due to any defaults within the control of the Borrower ), extensive legal fees and costs, repeat costs of updating title and lien searches for closing, a substantial increase in rates which she would have to bear if she can not close on this loan ( which amounts to sums in excess of {$75000.00} over the life of the loan ), etc.. The foregoing does not even include the costs and expenses incurred b  y Borrower should the private lender foreclose on the property ( which has more than {$350000.00} in equity and is Borrowers homestead ) due to Chases inexcusable delay tactics.
All of the foregoing demonstrate that Chase never had any intention of closing the loan on the original committed terms. When Chase believed they may be forced to close the loan or in a further attempt to have the Borrower walk away, they decided to reduce the loan amount to an amount under a jumbo loan in an effort to curtail the exposure of having to honor a 3.875 % interest rate for a jumbo loan amount of 80 % LTV or in a further effort to have the Borrower walk away. We have correspondence which support all allegations contained herein although we have attached only a few. Please advise if you require same or any additional information. The conduct exhibited by Chase during this transaction is, without question, reprehensible. We kindly ask that as the Bureau   charged with protecting consumers financial interests and protecting consumers against unfair, deceptive and abusive practices, you investigate the foregoing, assist us in obtaining a favorable and just resolution for my client, and rem ind Chase th at this behavior, unbecoming of a leading global financial institution, can not be tolerated on this loan or with any other future dealings with consumers.",Mortgage + Conventional home mortgage,complaint behalf client client borrow regard malici intent exhibit chase bank client mortgag loan durat process refin mortgag loan bank support demonstr repeat chase transact complaint premis compla int lie face client result delay egregi behavior use chase p ersuad borrow includ limit client loan bank honor rate commit onset justifi basi chase deni loan borrow time compli everi request chase asset support debt servic impecc credit moreov chase term origin commit fail process loan bank regul includ limit regul b violat mani loan offic work state borrow situat advis chase use order frustrat borrow look loan proceed term timelin event loan client week gap timelin behalf borrow bank inform regard status loan  client beg process appli home wi chase  loan offic list requir document provid loan offic borrow gan requir  loan offic correspond attach requir inform explan borrow pay privat loan pay line credit properti ne credit fund use properti bank  email request status sent request status loa n state disclosur receiv receiv note document  borrow receiv condit interest rate % interest rate point % loan offic promis note loan estim requir trid day loan applic  consec day email sent loan offic requesti ng status lock rate agreement status loan  lock rate agreement receiv reflect point condit approv document loan client point time loan estim provid moreov submit addit document request letter explan state loan proceed sever email date earli inform  contact borrow payment essenti cost apprais wh borrow cre dit card phone   bank time email phone call week bank request status lo  conduct  law firm titl commit cd chain titl survey provid note time date lender estim borrow  phone call receiv copi apprais apprais valu home client anticip email loan inquir loan amount base loan offic respond email date statin g loan amount estim issu time date loan process stop firm time week time week request explan stall time correspond call telephon call time issu loan offic week pass firm continu call person initi titl request  avail client branch work issu correspond answer state issu cost extend rate lock  contact sr lend manag  issu resolv assign th e borrow loan move borrow requir resubmit support document loan submit document stale  addit loan document repeat loan document provid borrow time request  sign email  inform incorrect loan offic name time state wait loan regul b violat meant sinc borrow condit approv sinc sever time process correspond complaint handl complaint  c discus loan proceed use conversatio n loan amount loan limit revis loan amount cument loan amount correspond state loan amount reduct loan amount discuss firm correspond  violat correspond includ refer use proceed ff lender pay line credit action complaint violat  call borrow state privat lender term loan note email date  proceed letter part loan file state proceed use pay privat lender titl commit provid rrespond accompani show satisfi privat lender chase loan document intent honor loan term loan origin commit term note date lender estim amount intent willfu l misconduct chase disregard bank regul inexcus client suffer bank delay deceit includ limit interest rate privat loan encumb primari home default rate privat loan sole delay fact loan matur default control borrow fee cost repeat cost titl lien search rate loan amount life loan cost borrow privat lender foreclos properti equiti homestead chase inexcus delay chase loan origin term believ loan attempt borrow reduc loan amount amount loan effort curtail % interest rate loan amount % effort borrow correspond support alleg contain herein attach addit inform conduct exhibit transact question kind ask bureau charg consum financi interest protect consum abus forego favor resolut client ind chase th behavior lead financi institut toler loan futur deal consum
"RE : XXXX  Credit Report / Annual Credit Report, report # XXXX, date generated XX/XX/XXXX, Potentially Negative for JPMCB XXXX, XXXX XXXX XXXX dispute {$210.00} I request that the above potentially negative information to be removed from my credit report, because of the following reasons : 1. XXXX XXXX XXXX of XXXX XXXX XXXX, XXXX . XXXX, XXXX, Fl XXXX committed a fraud by using XXXX tablet without showing All sales are final, no returns on the charge of {$210.00}. 
2. Ms. XXXX XXXX of XXXX XXXX XXXX, accept the defect merchandise on XX/XX/XXXX, which was shipped by USPS priority # XXXX XXXX XXXX XXXX XXXX XXXX, without refund the {$210.00} charge to JPMCB XXXX. It is another fraud they committed. 
3. Chase Bank had been informed by me since XXXX of XXXX, by the tel., faxes, emails, and online access. The dispute process was delayed by the Chase bank. The {$210.00} dispute case was opened? approved? Denied? Re-opened? Case number was changed a couple of times. Case number was changed from Case # XXXX to Case # XXXX and finally Case # XXXX. 
This process caused delayed XXXX XXXX XXXX to admit the fraud they committed, and they refused to refund {$210.00} because the deadline for refunds had lapsed. 
4. Discrimination of XXXX XXXX ( my husband ) and me. 
XXXX talked to Chase Bank on my behalf for this dispute. They didnt agree to the open and re-open dispute. Chase Bank went ahead to lower his FICO scores from above XXXX to XXXX. XXXX disputed the allegation, then his FICO score went back to XXXX. 
XXXX FICO scores were lowered from above XXXX to XXXX, then lowered the second time to XXXX. 
5. 3 of my Chase Credit cards ( # XXXXxxxxxxx, # xxxxxxxxxxxxXXXX, # xxxxxxxxxxxxXXXX ) had been closed because of this dispute for additional punishment. 

The Fact On the date of XX/XX/XXXX, at approximately XXXX in the State of Florida , in the Town of XXXX , I undertook to enter into an electronic purchase of an electronic device. The company selling the device was XXXX XXXX, XXXX. The vendor was operating inside XXXX XXXX during the XXXX XXXX XXXX XXXX XXXX. 
The vendor, XXXX XXXX XXXX, had no SIGNAGE on their table stating any specific return policy. The vendor did not provide me with a paper receipt of the merchandise purchased. At no time, did the agent for XXXX XXXX XXXX, informed me of their All sales are final, no returns policy. 
Had I known of this policy would not have purchased the goods, I never ever purchase any merchandise on any credit card with that policy. 
The purchase transaction used a tablet. The tablet was a XXXX tablet. At no time, did the agent read aloud the full term of the purchase agreement. The vendor stated, this is what you want?, the price is {$200.00} plus tax. THAT WAS IT! At no time, was the return policy discussed, shown, or provided to me before signing on the screen of the tablet. 

Chronologic disputed outline : Chase Sapphire # XXXX XXXX XXXX, XXXX / XXXX XXXX XX/XX/XXXX, XX/XX/XXXX Charged Ref # XXXX Charged without receipt & warranty by vendors XXXX tablet XXXX & XX/XX/XXXX Tel : XXXX, XXXX, fax XXXX, XXXX. Contacted XXXX and XXXX XXXX, XXXX by tel. XXXX, Ms. XXXX & email XXXX for Serial # XXXX, NOT WORKING UNIT XX/XX/XXXX Letter from Chase for Dispute XX/XX/XXXX fax XXXX, XXXX XX/XX/XXXX Mr. XXXX XXXX of Disputed Dept. XXXX, XXXX Ms. XXXX XXXX. 
XX/XX/XXXX XXXX, XXXX Ms. XXXX XXXX. 
XX/XX/XXXX Email : XXXX XXXX, XXXX, XX/XX/XXXX Replied to Chase online for dispute Email from Chase for review until XX/XX/XXXX XX/XX/XXXX Letter from Chase for dispute {$210.00} Case # XXXX, Dissatistfied with the quality of merchandise/service received XX/XX/XXXX Chase online confirmed for dispute Returned by USPS priority # XXXX XXXX XXXX XXXX XXXX XXXX , Ms. XXXX XXXX of XXXX XXXX XXXX XXXX XXXX XXXX, XXXX . XXXX, XXXX, Fl XXXX. 
Informed by XXXX and email at XXXX XXXX XXXX. 
XX/XX/XXXX XXXX, XXXX stated, {$200.00} + {$13.00}, dont pay for it XX/XX/XXXX Chase online confirmed for dispute Returned was accepted by XXXX XXXX, XXXX. 
XX/XX/XXXX Letter from XXXX XXXX XXXX, Dispute Dept. for update on your dispute ( s ) for {$210.00}. Case # XXXX XX/XX/XXXX Received a call from Ms. XXXX from refund. 
XX/XX/XXXX Letter from XXXX XXXX of Chase, dated XX/XX/XXXX, dispute of {$210.00} was denied. Case # XXXX XX/XX/XXXX XXXX XXXX emailed XXXX for acceptance of defected good of XXXX and requested refund of {$210.00} through Chase # XXXX XX/XX/XXXX Fax XXXX, XXXX for dispute {$210.00}, Case # XXXX, Letter dated XX/XX/XXXX. 
Confirmed fax received by Supervisor XXXX XXXX of XXXX, XXXX, and XXXX XXXX of dispute Dept. 
XX/XX/XXXX XXXX, XXXX of Disputed Dept., stated new case will take 24-48 hours. Call back on XX/XX/XXXX Sunday for new case XX/XX/XXXX Re-fax XXXX of XX/XX/XXXX, total 3 pages. 
XXXX, Ms. XXXX XXXX , call back 48 hours for new case. 
XX/XX/XXXX Letter from Chase confirmed re-dispute. case # XXXX XX/XX/XXXX Letter from Chase, Denied the re-disputed. Stated in the letter we found that significant amount of time has passed since the date of the charge. Despite our effort, the merchant is not willing to credit your account. Case # XXXX XX/XX/XXXX I informed XXXX to close the credit account after I paid all charges besides XXXX XXXX XXXX charge. 
XX/XX/XXXX Letter of Past due from Chase XX/XX/XXXX XXXX, XXXX # XXXX of Dispute Dept., XXXX XXXX XXXX, Mr. XXXX, Manager of XXXX XXXX, Texas XX/XX/XXXX Sunday, a call from Chase for Dispute and re-open dispute, and past due. 
XX/XX/XXXX Sunday, a call from Chase for Dispute and re-open dispute and past due. 
XX/XX/XXXX XXXX and her Supervisor, XXXX XXXX, TX. 
XX/XX/XXXX Letter from Chase for Contacting by mail only FICO Scores Changes : Because of the dispute ( s ), XXXX XXXX ( mine ) and XXXX XXXX ( spouse ) FICO scores were impacted as followed : XXXX XXXX XXXX XXXX XX/XX/XXXX to XX/XX/XXXX Above 800 Above 800 XX/XX/XXXX Above 800 699, due to the dispute XX/XX/XXXX XXXX  ( due to the dispute ) XXXX XX/XX/XXXX to XX/XX/XXXX XXXX ( punished again for the dispute ) XXXX, XXXX, XXXX ( contested the dispute ) XX/XX/XXXX XXXX XXXX Chase Credit Cards : I had 3 JPMorgan Chase credit cards which was issued at different time. And there are all closed now, because this dispute. 
The timelines are : Chase # XXXX Chase # XXXX Chase XXXX # XXXX Account opened XX/XX/XXXX XXXX XXXX # XXXX : Credit line changed Credit line {$11000.00}. XX/XX/XXXX, Reduced to {$5000.00} from {$20000.00}, due to the dispute of XXXX  XXXX   XXXX Charge Requested {$5000.00} credit to be merged to Chase # XXXX, and denied by Chase due to the dispute. 
# XXXX : Account closed. XX/XX/XXXX due to the dispute. But it was actually closed by Chase on XXXX, XXXX. 
Chase Sapphire : Account closed at consumers request and dispute investigation complete, consumer Disagrees. Closed by Chase Bank on XX/XX/XXXX, due to the dispute of XXXX XXXX XXXX  Charge. XX/XX/XXXX This is what I did. This is what I attest. Base on the fact, I am punished by the frauds of XXXX XXXX, XXXX committed, and Chase Bank delayed the dispute process for the dispute. The punishments are not only once, twice, but more than 3 times. Twice to lower my FICO scores, then denied meagering my credit card line, lower my credit card line, then finally close my only remaining Chase credit card that was opened since XXXX.","Credit reporting, credit repair services, or other personal consumer reports + Credit reporting", credit report credit report report date generat potenti jpmcb  request inform remov credit report reason   fl commit fraud use tablet show sale merchandis ship prioriti refund charg jpmcb fraud commit bank inform sinc tel. fax email access disput process delay chase bank disput case approv case number chang time case number chang case case case process delay admit fraud commit refund deadlin refund  husband talk chase bank behalf disput didnt disput chase bank fico score  disput alleg fico score score time credit card  addit punish fact date approxim state florida town enter electron purchas electron devic compani sell vendor insid vendor signag tabl state return polici vendor paper receipt merchandis purchas time sale polici polici merchandis credit card polici purchas transact use tablet tablet tablet time agent term purchas agreement vendor state want price tax time discuss sign tablet chronolog chase sapphir charg receipt warranti vendor tablet tel  fax  contact tel   work unit letter chase disput fax mr. disput dept    email   onlin chase review letter chase case dissatistfi qualiti merchandise/servic receiv chase onlin confirm return ms.   email   state pay chase onlin confirm return letter disput dept disput case receiv call ms. refund letter chase date  deni case email  request refund chase fax case letter date  confirm fax receiv supervisor disput dept  disput dept. state case hour case page  hour case letter chase confirm re-disput case letter chase re-disput state letter amount time pass sinc date charg despit effort merchant credit account case inform close credit account charg besid charg letter chase disput dept. mr. manag texa  sunday chase disput disput sunday chase disput disput  supervisor tx letter chase contact mail fico score chang disput  mine  fico score impact follow   disput disput disput  disput chase credit card jpmorgan chase credit card issu differ time disput timelin chase chase chase account  credit line credit line disput charg request credit chase chase disput  account  disput chase  chase sapphir account request disput complet consum disagre bank  disput charg  attest base fact fraud commit bank delay disput process disput time fico score deni meager credit card line credit card line close credit card sinc 
"I just logged on to my XXXX  Credit File and noticed a few Inquiries that I do not recognize and would like removed. FCRA states I have the right to proper credit reporting. 

Here are the following inquiries that need to be removed ... 

JPMCB CARD Bank Credit Cards Inquiry date : XX/XX/XXXX Removal date : XX/XX/XXXX XXXX XXXX XXXX Bank  Credit Cards Inquiry date : XX/XX/XXXX Removal date : XX/XX/XXXX XXXX XXXX XXXX Bank Credit Cards Inquiry date : XX/XX/XXXX Removal date : XX/XX/XXXX Thank you ...","Credit reporting, credit repair services, or other personal consumer reports + Credit reporting",log credit file inquiri recogn remov state proper credit report need remov bank credit card inquiri date remov date bank credit card inquiri date remov date bank credit card inquiri date remov date thank
"Attached you will find copies of an appeal I sent to chase in regards to charges from XXXX XXXX XXXX. There is a letter attached regarding the issue. It was first handled through the fraud department and they denied it stating it was not fraud. I never received a letter of the denial which I asked for. The fraud department told me it was a dispute issued. I have sense then appealed it through the dispute department stating I never authorized these charges they denied my dispute appeal I have attached a copy of the denial for the dispute charges. I asked chase to provide me with the information they used to deny my appeal from the merchant three reps I spoke with said they dont have anything on file. I told them I should be able to have a copy of whatever it is the merchant sent them to sent my claim. I tried to resolve the issue with chase and they are no help at all everyone transfers me around and I get diffrent information from diffrent workers. I did not purchase anything from XXXX XXXX XXXX  nor did I in anyway authorize anyone to. XXXX saw that it was all fraud when I contacted them. If someone could please tell me what my options are I would appreciate it. I tried to appeal the dispute and they told me the charges were to far back now. 

XX/XX/XXXX XXXX XXXX XXXX XX/XX/XXXX XXXX XXXX XXXX XX/XX/XXXX XXXX XXXX XXXX XX/XX/XXXX XXXX XXXX XXXX XX/XX/XXXX XXXX XXXX XXXX  Called XXXX   XX/XX/XXXX my card was closed out and reisssued they sent me dispute paperwork Called chase back several days after got paperwork was transferred to fraud department and a fraud case was opened Spoke with several people fraud department on XX/XX/XXXX I spoke to XXXX and XXXX emailed XXXX emails from XXXX then on another date XXXX left me a voicemail then spoke with XXXX from fraud Dispute department XXXX, XXXX on XX/XX/XXXX XX/XX/XXXX spoke to XXXX transferd to XXXX he told me to give it two days didnt receive anything Called back on XX/XX/XXXX spoke to XXXX   transferd to XXXX in dispute dept transfered to supervisor XXXX",Credit card or prepaid card + General-purpose credit card or charge card,attach appeal regard charg letter regard issu handl fraud depart deni state fraud letter ask fraud depart disput issu depart state author charg deni attach copi disput charg chase provid inform use appeal merchant rep anyth file copi whatev merchant claim tri resolv issu chase help transfer inform diffrent worker anyth author anyon fraud contact someon tell option appeal disput charg  card sent disput paperwork call chase day paperwork transfer fraud depart fraud case peopl fraud depart email anoth date  spoke fraud transferd day anyth call transferd disput transfer supervisor 
I had an auto loan with chase auto finance that ended up being a total loss on XXXX XXXX XXXX XXXX paid their portion of the loan in XXXX XXXX and I contacted the dealer I purchased the vehicle from to fax the gap paperwork so I can get gap to cover the balance asap. I got in touch with gap and got the process going and never heard another word from chase or gap. I checked my credit in XXXX XXXX and saw I still had a balance on this loan so I sent a letter to chase asap and they responded that the loan was paid in full and closed. spring XXXX I noticed when I went to purchase a vehicle the lenders kept denying me saying I was 60 days late within 24 months so when I looked chase marked me for date of first delinquency XXXX and 60 days late with account paid and closed XXXX. I contacted chase and disputed several times through the credit agencies. the chase reps I spoke with went above and beyond to help me and had a few lates I got from moving out of state due to the payment issues I had because I did n't have statements to send with the payments and I greatly thank them for their help and understanding. they had trouble with the account being locked and archived when they tried again to correct the issue so during the cra dispute process someone at chase that handles the disputes changed my status from 60 days late to 91-120 days late and that I 'm XXXX payments past due and no matter how many times I dispute it everytime I dispute it and they report it the same my credit score goes down more and more. the lates are still removed from the payment history and I thank them for that. XXXX and XXXX XXXX are the only XXXX I 'm concerned with XXXX reported correctly.,Consumer Loan + Vehicle loan,auto loan auto loss portion loan contact dealer purchas vehicl fax gap paperwork cover balanc asap gap word chase gap credit loan letter chase respond loan spring  vehicl lender day month look mark date day account contact chase time credit agenc help state payment statement payment thank help troubl account lock archiv tri cra disput process someon chase handl status day day payment matter mani time disput credit score goe payment histori thank concern report correct
"XX/XX/20 Email received indicating credit limit on credit card reduced in half without any indication why, or forewarning. Called CSR confirmed but told to call after holiday for more info. 
XX/XX/20 Spoke with XXXX. She said could affect my credit rating-call # on card. 
Spoke w/ XXXX XXXX CSR ) -Told letter had been sent. Sorry I did not receive, but Chase decided anyone not using card enough would have credit limit slashed in half. Would not affect credit. No mention of 30 day option to stop action. 
Spoke w/ XXXX XXXX ( supervisor ) Told letter sent had ability to stop credit reduction if responded to within 30 days. Told could affect my credit EVEN IF I STAYED WITHIN THE SAME RATIO OF CREDIT USED AS A PORTION OF TOTAL CREDIT AVAILABLE. I asked considering never received letter and they email me all the time whether they could reverse the reduction. XXXX said no and I requested to speak to his superior. After a long time on hold he told me a colleague not superior could get back to me in five business days. 
I have had excellent credit ( 800 plus ) w/ no infractions my whole life. I am furious that this could affect my credit rating as a result of nothing I did to cause it. I am very frustrated with Chase for putting me in this position.","Credit reporting, credit repair services, or other personal consumer reports + Credit reporting",email receiv credit limit credit card half csr confirm call holiday info credit card csr letter sent sorri receiv decid anyon use card credit limit half credit mention day option action supervisor letter sent abil credit reduct respond day told credit ratio credit use portion credit avail consid letter email time reduct  speak time hold superior day credit life credit rate result caus chase posit
"Erroneous item CHASE # XXXX ( or Chase Mortgage XXXX. ) reported by Chase to all three credit bureaus. I have repeatedly disputed and requested verification and validation of this inaccurate debt for over two years now. Chase has responded only with improper verification form letters that provide no backup documentation or proof of this debt being mine. To properly validate a debt by law, a copy of the original contract signed by and obligating me to the debt must be provided to myself. Chase has negligently and willfully failed to validate this debt, and is in violation of sections 611 ( a ), 616, and 617 of the FCRA, 15 U.S.C. 1681i ( a ), 1681n, 1681o, subject to a {$1000.00} fine for each instance.",Mortgage + Home equity loan or line of credit (HELOC),erron item mortgag report credit bureaus repeat disput request verif debt year improp verif form letter provid backup document proof debt mine debt law contract sign debt chase neglig debt section fcra u.s.c instanc
"In XXXX of 2015 I refinanced my current Chase Mortgage loan with what I thought was a HARP loan through Chase to lower my interest rate. I asked several times and was informed there would be no fees attached to this loan. My balance at the time was $ XXXX it is now at $ XXXX. I did not anticipate $ XXXX plus in fees. At closing there was also a {$1000.00} amount that said "" if the borrower agrees '' however if I did n't agree they said the loan would not fund. I this really a HARP loan or just a regular refi?",Mortgage + Conventional fixed mortgage, refinanc chase mortgag loan loan chase interest rate time inform attach loan balanc time  fee amount loan loan refi
"With regard to my Chase Freedom credit card account number XXXX, I requested a COVID-related accommodation for a late payment but was denied. 

Chase Freedom is reporting to the credit reporting agencies ( CRAs ) a 30-day late payment for a missed payment between XX/XX/XXXX and XX/XX/XXXX. 

The late payment is COVID-related. At the time my mother-in-law was in a hospital in New Jersey for a XXXX XXXX XXXX when she contracted XXXX and remained sick for two months. During this time of anguish and uncertainty I completely lost track of the Chase Freedom account, but as soon as I realized that payment was late I immediately made payment in full on XX/XX/XXXX. 

I asked Chase to make a COVID-related accommodation pursuant to the CARES Act, but was denied on grounds that they can not make accommodations for past credit reporting. 

However, pursuant to the terms of the CARES Act, I am worse off having made full payment without requesting an accommodation than if I had first requested an accommodation and then made the payment. This is nonsensical. 

Per Cares Act, 15 USC section 1681s-2 ( a ) ( 1 ) ( F ) ( ii ) ( II ) ( bb ), if an account was delinquent before an accommodation is made and the account is brought current during the period of accommodation, then the information furnisher must report the account to the CRAs as current. 

Here, my account was delinquent. I missed a payment due to COVID illness in my family. I made complete payment before requesting an accommodation. Chase says they are obligated to continue reporting the account as 30-days late despite it being COVID-related, and despite CFPB guidance for lenders to work constructively with borrowers affected by COVID, ( per CFPB guidance dated XX/XX/XXXX, XX/XX/XXXX, and XX/XX/XXXX ). 

Meanwhile, if I had not made the payment and remained delinquent, then requested an accommodation from Chase while still delinquent, then per the CARES Act section cited above I could have brought the account current and Chase would be required to report the account as current. 

I am being penalized for bringing the account current without having first asked for a CARES Act accommodation. This is an absurd and unfair result that contradicts the CFPB guidance that lenders accommodate borrowers affected by COVID.","Credit reporting, credit repair services, or other personal consumer reports + Credit reporting",regard chase freedom credit card account number accommod payment deni chase freedom report credit report agenc payment payment payment covid-rel time mother-in-law hospit jersey contract month time complet track chase freedom account payment immedi payment  accommod pursuant care act ground accommod credit report howev term care act payment request accommod request accommod payment care act section f ii ii bb accommod account period accommod account delinqu payment covid ill famili payment request accommod report despit covid-rel despit cfpb guidanc lender work construct covid cfpb guidanc date meanwhil payment remain delinqu request accommod chase care act section cite chase report account bring account ask care act accommod result contradict cfpb guidanc lender accommod borrow affect covid
"Chase Bank has refused to honor my promissory note which is my financial asset yet kept it beyond the midnight deadline. That asset is connected to my UCC # XXXX is seen as cash XXXX & XXXX. which I signed in front of and gave a copy to law enforcement Chase Bank policy not above the Arizona Law nor United States Code. 
Chase Bank would have had to return all the documentation given to it to avoid incurring liability. This did not happen. Arizona Revised Statute XXXX XXXX. 
1.A demand item, other than a documentary draft, whether properly payable or not, if the bank, in any case in which it is not also the depositary bank, retains the item beyond XXXX of the banking day of receipt without settling for it or, whether or not it is also the depositary bank, does not pay or return the item or send notice of dishonor until after its midnight deadline ; or 2.Any other properly payable item unless, within the time allowed for acceptance or payment of that item, the bank either accepts or pays the item or returns it and accompanying documents. 
I sign all my Private Bankers Notes ( promissory notes ) in front of law enforcement and give them copies so they know I am not doing any kind of fraud. I also include a card with every Private Bankes Note I create to the police department where the note is witnesses being signed.",Bank account or service + Other bank product/service,bank refus note financi asset midnight deadlin asset cash sign law enforc bank polici law unit state code bank document incur liabil statut demand item documentari draft payabl bank case bank bank day settl bank return item dishonor midnight deadlin item time payment item bank pay item document sign banker note note front law copi kind fraud card everi bank note creat depart note wit sign
"In the months of XXXX, XXXX and XX/XX/2020, My family and I was affected by XXXX XXXX. I was XXXX and had to stop working due to XXXX that had impacted me doing those vary difficult months. I called Chase Auto to inform them I was impacted by the XXXX, and weren't able to pay my car payments at that time. I had been hospitalized for five weeks due to the XXXX. After I came home, I wasn't able to return back to work right away because my body needed time to fully heal. Chase Auto informed me that they would put those three late payments in the rear of the loan and I could start paying car payments as though nothing ever happened. I returned back to work and resume paying my car payments again. Chase Auto reported that I was XXXX days late to the credit reporting agencies and gave me a bad credit rating because I had fallen XXXX with XXXX   XXXX, and could not pay my car payments on time these three months. I was informed that when payments are deferred, you do not get any negative marks on the credit file because the payments are deferred and put in the fear of the loan. Chase Auto deferred the three late  payments and still gave me the negative marks as if the payments were not deferred. I would like for them to make the corrections so that my credit file will reflect on late payments for these three months.",Debt collection + Auto debt,month  famili work impact vari month auto inform impact pay car payment time hospit week  home work time heal auto inform payment rear loan car payment work resum pay car payment auto report day credit report credit rate car payment time month payment defer mark credit payment defer loan auto payment mark payment defer credit file payment month
"JPMCB auto finance XX/XX/2015 {$17000.00} They didnt give me a chance to pay the months I had backed up they wanted the full amount of the loan. And at the time I was unable to due to my job being lost, responsibilities and bills due.",Vehicle loan or lease + Loan,auto financ didnt chanc pay month amount loan time job bill
"I rented a vehicle from XXXX in XXXX, XXXX on XX/XX/XXXX. 
The rental was for two days with the vehicle due back before XXXX XXXX on Sunday XXXX XXXX. 

I returned the vehicle at approx XXXX XXXX on XXXX XXXX and later that day received an e-receipt from XXXX. The bill was incorrect as they showed a return time for the vehicle of XXXX XXXX. 

I contacted the XXXX contact center the next day to complain. I was told that it would take six weeks to resolve the issue as the team had no ability to see or resolve international reservations. I eventually got through to an XXXX Customer Service Manager ( who identified herself at XXXX, Floor Supervisor in XXXX, Employee No. XXXX ). XXXX was wholly unhelpful and told me I had no option than to wait. I was given no complaint number and no resolution status. 

I have used XXXX for many years and regularly drop off my rented vehicle at airports without any issues. 

My complaint : XXXX XXXX XXXX team did not book in the car at the time it was returned. Proof of this is my return flight from XXXX XXXX to XXXX XXXX ( I sent copies of this to both XXXX and Chase, my Credit Card provider ) * XXXX did not provide a response to my complaint * I disputed this charge with my credit card provider, Chase. They issued a "" temporary credit '' on the charge while they took time to investigate the dispute. 
* I cooperated with all inquiries made to me by Chase Bank * I noticed that this "" temporary credit '' was still appearing on my credit card bill in XX/XX/XXXX, i.e. nearly two years after the initial dispute * I raised the issue with Chase via their online portal. After several weeks I received an electronic response to say that Chase had found in the Merchant 's favor by virtue of the excess time that the dispute was open. This despite the fact that I have received no communication from wither Chase or XXXX in more than 18 months * I called Chase to complain. I feel I was mis-led by their operator XXXX XXXX and her Supervisor XXXX, who stated that it was normal Chase practice to leave open disputes until such time as either the cardholder or merchant called. I played back an example in which I purchased {$10000.00} of good then disputed the transaction the next day. XXXX insisted that the charge would be held in dispute in perpetuity if Chase was waiting for a response from either the Cardholder or the Merchant, with no limitation on time. I feel that this is a gross mis-characterization of the actual dispute process and was offered as a diversion to Chase 's failing in executing my original dispute transaction Chase has agreed to credit my account with {$75.00} ( the approximate amount of the disputed charge ), however it is their poor processes and deceptive explanations that I wish to highlight",Credit card or prepaid card + General-purpose credit card or charge card,rent vehicl day  sunday return approx day bill show return time contact contact center day complain week resolv issu team abil reserv eventu custom servic manag floor supervisor employe  wholli unhelp option wait number resolut status year drop rent vehicl airport issu complaint team book car time return return flight copi chase credit card provid disput charg credit card provid chase credit time investig disput inquiri bank credit credit card bill i.e year initi disput rais issu chase portal sever week receiv electron chase merchant favor virtu time disput despit fact wither chase month call chase complain supervisor  state chase leav disput time merchant call exampl purchas disput day insist charg chase wait merchant limit time disput process offer execut origin chase agre credit account amount charg process decept explan highlight
"Good evening, I have had a horrible experience with Chase bank, I am in the process of filing a law suit. This bank where I opened my business account with has had such horrible customer service and absolutely no customer protection. I have an online e commerce company, the first time Chase locked my account for 7 days that meant no business no sales no incoming payments for 7 days during the heigh of covid 19. Than after repeatedly hounding them down calling 50x with no answer and being hung up on, they tell me if was their fault and than everything would be fine. Than I check my account 3 weeks later, to find out it is restricted again, this time they sent XXXX in sales back to the customer with no notification to me that their was a dispute nothing. Just sent my money back after the customers got their products 3 weeks after the sale.To follow they have decided to close my business account in the middle of the holiday XXXX shopping season. To date if progression and sales were to follow their average trend i have lost around XXXX XXXX dollars in revenue. Worst bank i have ever dealt with, the only time they do anything is if you mention sueing, they XXXX their own customers over with no amends nothing.",Checking or savings account + Checking account,bank process file law suit bank busi account custom absolut custom protect e commerc compani time chase lock account day sale payment day repeat hound call answer hung fault everyth account week restrict time sale notif disput money custom product week sale.to decid busi account holiday shop season date progress sale trend dollar revenu bank time mention sue custom
"On  XXXX  -17 a t  XXXX , Florida  Branch of Chase JP Morgan bank, I need ed to wire transfer almost {$160000.00} from my checking account that I have had with  Chase JP Morgan ba nk to the  XXXX   XXXX   XXXX   ,   XXXX  located in  XXXX , Florida.   The transfer was performed quickly without any disturbance, however the problems appeared after I requested written confirmation for that transaction. The employee who performed the transfer (  XXXX   XXXX   XXXX   ) br ought the filled up form of Wire Transfer Outgoing Request but refused signing that confirmation. I was very surprised and asked why couldnt he signed that form. He told me that the rules dont let him. That made me even more surprised. After some painful conversation he went to the branc h manager asking for signature. She, ( the branch manager, a  lady who didnt even introduced herself, so I dont know her name ) signed that form.   However, when I asked her to sign the Service Confirmation form she refused telling me that the bank branch keeps all documents. Thats alright but I need that document in my records as well, I said. Still, she wouldnt sign that document. I was not able to understand what was the problem with signing that document by the manager or the employee who performed the money transfer. I strongly requested signing she kept refusing. She raised voice at me in public in the main area of the branch office. Many people witnessed that very ugly quarrel. Finally I was forced to give up and I left the branch without the signed document. I hope I dont need to explain how upset, insulted and humiliated I felt. And I still dont understand what was the reason for that lady to be so stubborn refusing signing the document given to customer. The document important to me  ( almost {$170000.00} ), which in nor mal business environment mustve been signed by a responsible party. If I had a little bit more time I would probably call police because her behavior looked very suspicious.   I have been your client for probably longer than 15 years. Was my request really something illegal or unusual? I have to say also that Ive never been treated in any business place like that written above.   The situation, which Ive described above brings impression that the Chase bank doesnt care much about its customers, because some of Banks employee miss the basic skills, neither training to deal with customers, act very unprofessionally ; having no idea how they need to treat the Banks customers.     The worst is that I still do not have idea why I had been exposed to all of that stress. Why the person, who made important work for the customer was so stubborn and rude and kept refusing to the end, signing that job was done properly. I can not believe that.","Money transfer, virtual currency, or money service + Domestic (US) money transfer",branch chase jp bank wire transfer check account chase jp ba nk locat florida quick disturb howev problem request transact transfer br wire transfer request refus sign confirm couldnt sign form rule dont let pain branc h manag ask signatur branch manag name sign form howev sign confirm form refus bank branch document record well sign document understand problem sign document manag employe money transfer request sign refus area branch offic mani peopl wit quarrel forc give branch sign document hope need humili felt reason ladi refus sign document custom document import busi environ mustv sign bit time look suspici client probabl year request realli someth illeg unusu place situat describ bring impress chase bank doesnt care custom bank employe basic skill train deal custom unprofession idea bank custom idea stress person import work custom rude end job proper believ
"Over the course of the last 5-6 months, I have had to contact Chase several times for charges placed on my account. I have several alerts attached to my account to notify of issues such as an overdrawn account, insufficient funds and when the account balance falls below a certain amount. These alerts are scheduled to come via the Chase mobile app ( as push notifications ) which advertises account alerts as one of the features for the company and the app, via text message AND email. I have had to reach out to this company several times to figure out why I am not receiving account alerts as advertised, not only that but I am being charged insufficient funds fee for overdrafts that I was not notified of. My consumer record with this company is impeccable, in the past if my account was overdrawn it was fixed promptly after I was notified. It is completely unacceptable for this company to continue to operate using these deceptive practices and advertising models. This is an issue that occurs far too often for this "" company '' to still operate and holds consumers ' funds. I have been a customer for over 7 years and have never been more dissatisfied with a "" banking solution '' than I have been with Chase. My account was overdrawn on XX/XX/20 and I never received a notification, push or text, or email alert of this occurence although I have more than 10 alerts active on my account. I logged in to my account XX/XX/20 to find that not only was my account overdrawn but I was also charged {$34.00} insufficient funds fee. I immediately contacted Telephone Banking to once again attempt to find out why this is continuing to happen. XXXX was of little help even after I explained that they have record that I have had to continually reach out to have this resolved. I've also spoken with several associates that have this same issue, this company is not allowed to take advantage of consumers and force them to pay fees if they do not deliver the proper and adequate services offered. This company has misled me as well as other consumers based on the functionality of its services. Not once did any representative offer to rectify this situation in a way that would be best for the consumer even after the deceptive advertising and service practices.",Checking or savings account + Checking account,month chase sever time place account sever attach account overdrawn account insuffici fund account balanc fall amount chase mobil app notif advertis account featur compani app messag email sever time receiv account advertis fund fee overdraft notifi consum record compani impecc account overdrawn fix notifi complet compani continu use advertis model hold consum fund custom year bank chase account text activ account log account account overdrawn insuffici fund fee contact telephon bank attempt continu happen littl help record continu reach resolv ve issu take advantag consum pay fee deliv adequ servic offer compani misl base function servic way consum advertis servic practic
Well I 've been a victim of robbery I tried reporting it to chase bank and the said that I need it to be sure and they keeps charging from my account and know I dnt have money and chase does t want to help all they say was well your account is close and yourve no longer making business with us,Checking or savings account + Checking account,robberi report bank charg account money chase help yourv
"sent the police report of the ftc violations please remove the ftc violations XXXX  chase XXXX  XXXX 4 late payments were b/c of the ftc violations If a bill collector violates the Fair Debt Collection Practices Act, you might be able to sue and recover money and other damages. The Fair Debt Collection Practices Act ( FDCPA ) protects debtors from harassment by debt collectors. If a collector has violated the FDCPA, you can sue the collector in court. 

which they all did and in violations","Credit reporting, credit repair services, or other personal consumer reports + Credit reporting",report  chase payment b/c ftc bill collector debt collect act sue money damag debt collect act fdcpa debtor harass debt collector collector fdcpa sue collector court violat
"I funded a loan in XXXX for a property. In that process i took a higher interest rate in lieu of paying the PMI. The servicing was sold in XXXX of this year to Chase ( original lender was XXXX XXXX ). 

in the transition ; the lender paid PMI was lost. Chase is now drawing on MY escrow account to pay the PMI that the lender should be paying. 

It appears that XXXX, though making the payments for me, was not using the typical structure for this methodology. They were taking payment from my main escrow account but off-setting that debit with a monthly credit in the same amount. That credit is no longer being applied. 

In talking to chase ; they are saying that it doesn't exist and i have to pay the PMI. I took a .25 % rate increase to avoid that. I have my escrow disclosures from XXXX and XXXX that match up in amounts to the statements. those statement amounts do NOT include the PMI ; just the monies for the taxes and insurance. I would like assistance in getting this resolved wherever the error lies. 

Looking at the docs ; you can see the amounts in the escrow disclosure match the amounts of the escrow in the statement. those amounts do NOT include the PMI because i never paid it. there is also a ledger of the account you can see where the credit was applied. that credit to offset was NOT paid by me. not sure how it was done in the prior lender but it was NOT paid by me.",Mortgage + Conventional home mortgage,fund loan properti process interest rate pay pmi year chase lender transit lender pmi escrow account pay pmi lender pay payment use typic structur methodolog payment escrow account debit month credit amount credit chase pmi % rate avoid match amount statement statement amount pmi tax insur error lie amount match amount statement amount pmi account credit appli credit offset lender
"I currently have a FHA mortgage with Chase Mortgage Mortgage with a balloon payment of {$22000.00} due XX/XX/XXXX.. home value {$140000.00} I would like to file a formal compliant with you regarding Chase Mortgage Mortgage their banking practices, their short sales and foreclosures in my area. These for homes or at lest mine seem to have a large amount of equity in them. 
Chase Mortgage manner and inconsistencies of their information to its consumers contradict there own web site, there agents and customer service agents about modification and home assistance help When I first tried to obtain a modified mortgage with Chase Mortgage I had a lot of problems, they kept denying me or sending me an offer for {$800.00} to {$900.00} a contract. My net income was around {$1600.00} a month from XXXX and XXXX XXXX    XXXX. I pleaded with Chase Mortgage to lower it I was only paying {$480.00} ( est ) a  month to begin with. I reminded them of the reason I was behind on payments due to medical bills and a long term hospital stay then rehab. I was assigned one counselor after another and the results were the same. Finally I made a call out of desperation to a  supervisor who looked at my file and asked if we could make a 3 way call with the IRS. 
Once we called the IRS. We found out I was the victim of ID theft, someone had been trying for the pass 3 years to obtain large amount of tax returns in my name. Because it was such a large amount, IRS had flagged the account, all the while trying to call me and send me letters. Well they where being sent to the bogus address and the bogus phone numbers. 
Chase Mortgage assumed tax was fudged hence the large amount for a modification Once Chase Mortgage receive this information I was offered a modification of {$370.00} but it came with a balloon payment due in XX/XX/XXXX. ( EX. A ) I called Chase Mortgage to voice my concerns, Chase Mortgage assured me when the time came they would be able to help me with other programs they had or refinance the balance of the loan XX/XX/XXXX I  contacted Chase Mortgage to try and get a program to help me with this balloon payment. Chase Mortgage asked me to fill in the modification paper work and send it back. This took some time since they kept saying they didnt receive this or that document I was assigned a counselling Mr. XXXX XXXX. I never had much dealings with him it was always with his co worker. 
One day before a holiday weekend in XX/XX/XXXX around XXXX Mr XXXX called me to say I had been denied and in a rough disgusted at me tone he was shouting we cant help you we, have no options for you, and dont send any payments in because we will send them back, By this time I was crying and pleading for help he shouted there is nothing we can do, I asked what about refinance, he yelled well you need to get yourself together and call them because they certainly are not going to help you sounding like that. 
I was able to call the refinance department the same day and based on my credit score XXXX XXXX ( EX. C ) said he could not help me. I was distraught. Over the next few days I received lots of mail from all different people and Mr. XXXX denial letter. ( EX. B ) I  called the chase mortgage back after the holiday informing them about how I was treated and try to get some help. I was referred to the escalation department who opened a file into the dealings I had with Mr. XXXX. All the while still receiving a monthly bill from Chase Mortgage and every time I called they said we cant accept your payment. 
I asked the supervisor why did they Deny me they said the group of investor 's are not willing to modify and we as Chase Mortgage are just the service of the loan and the other 3 banks made the decision.They also advised me to fill out another modification application ( EX. D ).

In the meantime I called around to see if I could could get help else where, I got involved with XXXX XXXX XXXX and Mr XXXX XXXX. I visited Mr XXXX office we filled in the paper work and sent all back to Chase Mortgage. 
In the meantime I called the three banks listed on my denial letter since Chase Mortgage had told me it would have to be their decision. I found out that Chase Mortgage now own two of the three of those banks listed as investor. The XXXX XXXX XXXX XXXX would be willing to modify according to the mortgage department. ( EX. B p4 hand notes ) I called Chase Mortgage bank and ask to inform them that they in-fact owned the low and could make a decision if need be. 
On XX/XX/XXXX I received a call around late afternoon form my Chase Mortgage counselling a XXXX XXXX., to advice me i had been refused once again. She went over the details of a thing called a XXXX and the investors I reminded her that Chase Mortgage was the investor and the XXXX XXXX was willing to see reason. XXXX advised me that a letter would be coming explaining everything ( EX. B ) All the while my personal problems were crumbling around me, my service dog of 13yrs was schedule to be XXXX XXXX on XX/XX/XXXX it was a stressful time. After the procedure I was not taking it well and was prescribed sedative I was in bed for several days and was just coming around on Friday XX/XX/XXXX ( EX. E ) I was jarred awake by someone pounding the fist on the front door. I was very disorientate and confused I rushed to the door to find and man with a huge camera shout out Chase Mortgage sent me you need to pay your mortgage, I asked him to wait so I could get dressed. I opened the door a little wider and he kept pointing to a form yelling I have to fill this out and can you make an payment today?, Chase Mortgage as asked me to fill in this worksheet and call them at this number right now, for the sake of my privacy I had to let him in. He said we need to call Chase Mortgage they can take your payment. I told him I was confused I just got a denial letter, he said yes but can you make a payment? I said yes if they take it. We called from my phone ( he left his in the car ) the lady on the phone ask him if he has filled in the finical work sheet she asked ifI could make a payment? I said yes. Then she must have pulled something up because she promptly said oh no we can not take a payment this loan has matured. I told her I am confuse why is chase mortgage sending people to my home forcefully I was put through to Mr XXXX at chase mortgage who advised me to call around to try for a refinance I called my counselor XXXX at XXXX XXXX XXXX and left him a message he was out of town for the holiday on his return Monday he sent me a list of local lenders who might help. Most of the lenders could or would not refinance for that small amount, in-fact on told me why dont you put that on a couple of credit cards. I finally got through to a a lady at XXXX XXXX we ran a credit report only to find out that Chase Mortgage has ruined my credit score by sending information of delinquent monthly payments.??? ask me to call Chase Mortgage to have them remove that or at least send a letter stating there is no monthly payment due at lest 3 payments of the regular amount XXXX. 
Called Chase Mortgage made a complaint, spoke XXXX for Chase Mortgage credit reporting he cant take it off or send out any letters unless he gets the okay from the bank put t Put through to XXXX sent me through to escalation department Spoke with XXXX @ XXXX XXXX XXXX XXXX they would escalate this and file a complaint and get back with me within 24hrs. ( they did not call back ) Called FHA they referred me to CFB, HUD and a host of others a I took a look at the area for foreclose and it appears to be a trend of people within the {$200000.00} and below house price range, that seem to be foreclosed on. I owe XXXX and the value of my home is {$140000.00} I have been advised by Chase Mortgage that foreclose is an option or a short sale. Either of those options are for the banks interest. A foreclosure would greatly benefit this bank and its investors (? ) a tidy investment for {$20000.00}. Please take a look at this banks practices and the trend of foreclosures homes in my area and statewide to see if this is indeed a trend to take peoples homes at a huge profit Regards",Mortgage + FHA mortgage,fha mortgag chase mortgag mortgag balloon payment home valu file compliant regard chase mortgag bank sale area home mine amount equiti manner inform consum contradict web site custom agent home assist help mortgag chase mortgag lot problem send offer contract incom month chase pay month begin reason payment bill term hospit counselor result desper supervisor look file ask way call ir ir id theft someon tri pass year amount tax return name larg amount flag account tri call letter bogus address phone number mortgag tax fudg henc larg amount chase mortgag receiv inform offer payment  call chase mortgag voic concern chase mortgag time help program refin balanc loan contact chase mortgag get program help payment chase mortgag ask fill paper work time sinc receiv document assign counsel mr. deal worker day holiday weekend disgust tone shout cant help option payment send time cri help shout refin call help sound depart day credit score c distraught day lot mail differ mr. letter ex b call chase mortgag inform treat tri help depart file deal mr. month bill time call payment supervisor deni group investor loan bank applic meantim call see help mr visit mr offic fill paper work mortgag meantim call bank list letter sinc chase mortgag mortgag bank list investor  accord mortgag depart ex b hand note call chase bank ask low need receiv call afternoon form chase counsel refus thing call investor remind chase mortgag investor reason letter explain everyth b person problem crumbl dog schedul stress time bed day e jar awak someon pound fist door disorient confus rush door man camera shout chase mortgag pay mortgag wait dress door littl wider form yell payment today mortgag ask worksheet call number right let chase payment confus letter payment phone car phone ask fill work sheet ifi payment someth prompt payment loan matur chase mortgag peopl home forc chase mortgag advis call refin call counselor town holiday list lender lender amount dont credit card credit report mortgag ruin credit score inform delinqu month payments. chase mortgag remov letter state month payment payment amount chase mortgag complaint chase mortgag credit report letter get bank depart file complaint call fha refer cfb hud host area foreclos trend peopl price rang valu home mortgag foreclos option sale option bank interest foreclosur bank investor tidi look bank trend area statewid trend peopl home profit regard
The mortgage company did not include a tax on my HUD statement at closing and now they want me to make the deficit up in my escrow account and increasing my monthly payment going forward. I never received any clarification on how or why this happened. Even after calling multiple times and speaking to multiple people in their company. When I call them they always deflect what happened and blames someone else. This deficit was brought to my attention three months after I closed on my house. I have spent countless hours on the phone with them. To date I still do not have a clear understanding on how or why this has happened.,Mortgage + Conventional fixed mortgage,mortgag compani tax hud statement make deficit escrow account month payment happen multipl time multipl peopl compani blame someon deficit month hour phone date happen
"On XX/XX/XXXX I called my bank, Chase to report my card lost and stolen. 
I spoke to a gentleman and advised him that I could not find my debit card since XX/XX/XXXX around noon after I pumped gas at XXXX XXXX. 

I advised him that I went to XXXX XXXX and tried to use my debit card, but after 3 tries, I had to go inside.The cashier had to slide my card inside because it was not working outside. I advised the Chase rep that I must have dropped my debit card there because when I looked at the charges they were from the stores around the area of the gas station. 

The Chase rep went over all the charges with me and he sent in disputes on items i did not recognize and granted temporary credit. 

I called Chase on XX/XX/XXXX and asked why the charges were reversed back to me. The Chase rep said that it was inconsistent as not all items were disputed. I told her that I was not familiar with all of them so I did not want to dispute something that could be mine because I know that sometimes charges does not always reflect the same day. 

I requested for the claim to be reopened, but the Chase rep said she couldn't without proof. I asked her what proof did she want. Chase rep said "" Nothing you can give to prove this '' ( somewhere along those lines ). I told her "" I know '' how would I prove this. Do you want me to get a police report? "". I requested to speak to a manager, after being placed on hold she came back and said someone will have to call me back within 1-2 days. 

This is not fair. I did not do those charges. I have never filed a dispute with Chase except one with XXXX when I told them that my card was charged after it declined the first time ( my husband then used his card ). 

I have left XXXX after they opened a Savings account in my name ( Lawsuit they were in ) I have recommended Chase to all my friends and family and my mom 's business thinking this was a better bank, but I can see that Chase is not about helping their clients at all.",Checking or savings account + Checking account,bank report card gentleman advis card sinc pump gas tri use debit card tri cashier slide card insid work outsid rep debit look charg store area gas station chase rep sent disput item grant temporari credit ask charg chase rep item disput disput alway day request claim reopen chase rep proof proof want rep prove line report manag place hold someon call day fair charg disput chase  card charg declin time husband card save account name lawsuit friend mom busi bank client
"Ongoing problem since XX/XX/2018, financial institution still says charges are mine after I have filed a police report and followed all of their requirement protocols and steps. They keep changing the contact person on my case, the group I interact with, and now they won't respond to me at all. I even wrote a letter to the bank president, XXXX XXXX @ Chase Bank, and no one has responded. 
Date my card was used fraudulently on XX/XX/XXXX, twice, at two different XXXX XXXX locations, totaling {$590.00}. 
I rarely shop at XXXX, and they failed to look into my account history to see that. I have had this credit card for years, and this customer experience has been absolutely awful. Their last suggestion was to call the stores in question and request the camera surveillance recording - which was impossible since over a year had passed before Chase made that suggestion and stores don't typically keep recording tapes beyond a week or so.",Credit card or prepaid card + General-purpose credit card or charge card,ongo problem sinc financi institut mine file report requir step chang contact person case group interact letter bank presid bank respond date card use fraudul  locat shop  look account see credit card year custom experi absolut aw call store question request camera surveil record imposs year pass chase store record tape week
"I deposited my check of {$7800.00} into an atm located at XXXX XXXX XXXX. The machine was buffering and then a red bar came in the atm screen stating that the machine is experiencing issues. It keeps my check but asked me to remove my atm card and printed a receipt. I have contacted everyone from bank manager, to claims, to branch, and everyone is giving me the run around. Please help.",Checking or savings account + Checking account,deposit check  machin buffer bar state machin experienc issu check ask remov print receipt contact bank manag claim branch run help
"We had a CD IRA purchased on XX/XX/XXXX and it was a five year term. 
I called on XX/XX/XXXX to check about fees or penalty to transfer this to another bank. 
The gentleman said no fees/penalty because of my age ( XXXX ). So I decided to transfer or rollover this IRA CD to the other bank. I signed the papers from the other bank on XX/XX/XXXX to get the process started. The bank notified me on XX/XX/XXXX that the transfer was completed. I went out on XX/XX/XXXX and signed papers and etc. When I got home I was filing the papers and etc and noticed the amount of the original CD was {$760.00} less. 
I called Chase to find out why and they said there was a 2 % penalty of the face amount of the CD. I told them I was advised by another representative no charges! Plus nowhere on my paper work does it say what the penalty fees are for an early withdraw. I had one year left to finish the 5 year term. I do think this fee is very excessive and it was only paying 0.55 %. We called Chase to see if we could cancel the transaction and send the check back to them and they said no. They are ending the CD Retirement program. 
I would like my money back.",Checking or savings account + CD (Certificate of Deposit),cd ira purchas year term check fee penalti transfer bank gentleman age decid transfer rollov cd bank paper bank start bank transfer complet sign paper etc paper amount cd find % face amount cd paper work fee earli withdraw year year term pay % chase see check cd program money
"I was pulled off of the XXXX XXXX XXXX, by a XXXX XXXX when my complaint became personal to the board. I have spoken to the CF.P.B. ( # XXXX ) on the XXXX day of XX/XX/XXXX ( start of this case ). I have been abused, financial, by the XXXX XXXX because of my complaints with the F.t.c. I recently found out about a XXXX XXXX called the XXXX XXXX using my name spitefully because of the XXXX XXXX Crash. Let me start by explaining my previous issue with my first Credit Card of XXXX   XXXX, during the XXXX XXXX conspiracy act. My financial problems started with the abuse I sustained while doing business with The XXXX XXXX Credit Card. They were the first to take advantage of me with a false charge of a tobacco sale from XXXX XXXX and a Ferry Ride from XXXX to XXXX. I was told the XXXX XXXX President was responsible for these false charges, while I was helping the F.b.i. stop a child XXXX XXXX traffic problem in the system. I was XXXX XXXX, during the time of my working years, and was told to file XXXX 's XXXX, while arguing my case with the Office of Personal Management. After explaining my case to the Office of Inspector General, the  previous President Obama, left office with a promise of a back-drawn paycheck due in XX/XX/XXXX. The new President Trump, recently claimed he was going to pay me my back pay, and also pay off my complete Chase Credit Card Bill. President Trump is aware of the abuse I sustained determining the correct qualities of my work load, while the banking system disrupted my self worth.",Credit card or prepaid card + General-purpose credit card or charge card,pull  complaint becam person board cf.p.b  day case abus financi complaint f.t.c use name crash credit card conspiraci act financi problem start abus sustain busi credit card advantag sale presid child traffic problem system  time work year file   case person manag case inspector general presid obama back-drawn paycheck presid trump claim pay complet chase credit card bill awar abus determin correct work load bank system self worth
"It looks like Chase is doing something similar to what XXXX XXXX was caught doing in opening fake accounts. I was contacted by XXXX XXXX at Chase bank in XXXX XXXX XXXX, CA. She told me that if I opened a new checking account and transferred money in, I would qualify for a bonus of {$200.00}. She said I needed to come into the branch to open the account, which I did about XX/XX/XXXX. She told me that in order to open the account, I would need an employer direct deposit. I told her I 'm XXXX XXXX and do n't have an employer direct deposit. She said that as long as money was transferred into the account within 30 days of opening from a non-Chase account, it would qualify for the bonus. On XX/XX/XXXX, I transferred the required amount from a non-Chase account. 

While I was opening my account, she told me that my wife would also qualify for bonus money if she opened an account as well. I told her my wife is a XXXX XXXX with no income and she said she would qualify under the same rules. My wife went into Chase on XX/XX/XXXX, and opened an account. The person that opened the account was not XXXX and said they did n't know if my wife would qualify or not. The banker suggested I contact XXXX. 

I called her the following week and told her the issue about my wife 's account. She said she would look into it and get back to me. I never heard from her. I called and emailed her several times with no response. Finally, on XX/XX/XXXX, after getting no response from her, when into the branch where she works. I talked to her and told her of the issues with my wife 's account and that I still had not gotten the promised bonus money. She said she would talk to her manager and get back to me the following week. I never heard from her. 

About XX/XX/XXXX, I called the branch and asked to speak with XXXX XXXX, the branch manager. I told her what had transpired. She said she would talk to XXXX and get back to me the next day. I never heard from her. 

On XX/XX/XXXX, I called and talked to XXXX. She said she talked to XXXX and she denied ever telling me what I was told. XXXX told XXXX that I was told it would have to be an employer direct deposit to qualify for the bonus money. 

Of course, that makes no sense. Why would I ( XXXX XXXX ) and my wife ( XXXX XXXX with no income ) open an account with the promise of bonus money if the only way to get that money was a direct deposit, which neither of us have. It seems that XXXX got us to open accounts to increase her bonus. I thought it was weird she would cold-call me for just that purpose.",Checking or savings account + Checking account,look chase someth fake account contact chase bank check account transfer money bonus branch account  order account deposit deposit money transfer account day account bonus  amount account account wife bonus money account wife incom rule wife account person account wife banker contact  week wife account sever time branch work wife account bonus money manag get week branch ask speak branch manag transpir day talk  talk  deni deposit qualifi bonus money cours wife incom account bonus money way money deposit account bonus weird purpos
I made a deposit into my Chase account on Friday XX/XX/XXXX. It was a mobile deposit from a payroll check XXXX of {$1300.00} I should have XXXX available on the next business day which is Monday. And they said they were placing my check on hold for 7 business days. I would like to note this is not a re deposit item and it is not a new account. I called and ask for them to provide me the {$200.00} as stipulated by regulation CC and they stated they did not have to and were not required to do so. I have a disconnection notice from my electricity provider and I worked for that money there is absolutely no reason for the entire amount to be held for so long. I have been banking with Chase for some time now and they have clearly violated a federa regulation by not placing my check on hold for no good reason.,Checking or savings account + Checking account,deposit chase account deposit payrol check busi day monday place check day deposit item account ask provid stipul regul cc state requir electr provid work money reason entir amount bank time federa regul place check reason
"I start a Loan application ( Refinance ) with two banks. One with CHASE BANK and other with XXXX XXXX Florida. Since  the start the loan application ( XXXX/XXXX/XXXX ) with Chase it was a nightmare. No answer-back, no emails answered, errors in the loan process all the way. In summary, the reason for complaints is that they cancel the loan because they could n't verify the employment verification. While the smaller bank called "" XXXX XXXX '' did n't have an issue with the employment verification. The point is that the method they used was not sufficient and did n't do their job properly. I presented all the documents required for the loan, but at the end, it was Chase bank who could n't do their job in a simple, organized matter while the smaller bank did. I just do n't understand.",Mortgage + Conventional home mortgage,start loan applic refin bank chase bank florida start loan applic chase nightmar answer-back email answer error loan process way summari reason complaint cancel loan verif bank call  verif point method use job document requir loan end bank job matter bank
"I purchased my home XX/XX/2018 with my first payment being due XX/XX/2018. They sold my load to XXXX XXXX who is using JP Morgan Chase as the servicer of the loan. I called immediately when I got their letter to advise that I wanted to pay my mortgage every two weeks so I could save on interest. I was advised they had a new program that would accomplish that but it wouldn't be ready until XX/XX/XXXX and to call back. 

I called back a couple days before XX/XX/XXXX to see if their program was ready and when I was speaking with the rep I told her I wanted to pay every two weeks to reduce the principle on my loan to save interest and she said as long as I paid the full amount before the XXXX of the month, the payment would be considered on time and I would accomplish what I wanted. 

After making the first months payment, half on XX/XX/XXXX and half on XX/XX/XXXX, I logged in to check to be sure all was applied as expected and found out they didn't apply my first half payment on XX/XX/XXXX until the second half was paid on XX/XX/XXXX. I called to discuss this with them and was advised that if I signed up for their automatic bi-weekly payment program, that I would accomplish what I wanted which led me to believe that my payments every two weeks would be applied when paid. Because I had to pay for XXXX   by paying 1/2 on XX/XX/XXXX and 1/2 on XX/XX/XXXX, I had to make a full payment for XX/XX/XXXX before XX/XX/XXXX so I paid my full payment on XX/XX/XXXX. 

When they took out the first automatic payment on XX/XX/XXXX, I logged in to make sure this time that it had applied as expected, I found that they didn't apply my payment so once again, I called. That was when I found out that they won't apply the payment until the second one is received which was totally misleading to me because I made it clear numerous times that my issue with paying twice before the XXXX of each month was that they didn't apply the first half when received and was given the impression that this automatic program would accomplish this. 

As it is, all this program does is take my money and it sits there, NOT saving me any interest on their end because it's not applied to anything and NOT earning any interest on my end because it's not in my savings account anymore. At the end of the day, JP Morgan Chase associates do not know how to advise consumers about how the program works, they don't listen to the consumer because I was very clear in what my expectation was and I lost the interest I could have earned on the money they took and did nothing with. 

Their program is flawed and I believe there are more consumers out there who haven't taken the time to make sure their payments are being applied as expected and who would be upset if they found this out. This program was new in XX/XX/XXXX so there may not be a lot of victims at this time which makes it a perfect time to register a complaint in hopes that they can rectify the issue before it gets worse. When I registered a complaint with JP Morgan Chase today, XX/XX/XXXX, they didn't understand what I was saying, how it didn't benefit me in the way I had expected and was told so I don't feel like they plan to do anything to make their program better or at minimum accurately infor their consumers. 

I feel that consumers need to be advised to check their mortgage payments online to ensure the servicers of their loans are processing the payments correctly. If I hadn't checked every time I made a payment and just assumed they were applying it to my loan in the way I expected them to, I may have continued on this program and continued to lose money on interest by giving my money to them to do nothing with when it could have been in my savings account earning interest. 

I can save more on interest by paying an extra {$130.00} per month on the first of each month reducing my prinicple every month vs letting them take half the payment bi-weekly thereby reducing my principle only twice a year. And, I'm earning interest while the money is in my savings vs in their bank earning nothing because I'm not paying it ahead of time but instead, when it's due.",Mortgage + Conventional home mortgage,purchas home payment load use jp servic loan letter advis pay week interest program call day program readi speak pay everi week loan interest amount month payment time want month payment half half  log check appli payment half sign payment program want payment everi week pay  payment  payment  payment  time appli payment call found payment receiv mislead time pay month half program program money sit interest end anyth interest end account anymor end day jp associ program work interest money program flaw believ time payment appli program time time complaint hope rectifi issu get regist complaint jp chase today way plan program accur consum need payment onlin loan process payment correct time payment assum appli loan way program continu money interest money account interest interest pay month month reduc prinicpl month payment therebi reduc principl year interest money bank pay time
"Hello The problem is that vendor sent me return info, after Visa discussed it with them, and then they sent me two different addresses { copy provided in docs }, i was not able to figure out which address to use, so I sent them an email so that they could tell me which place was the appropriate address. 

I have included all the documents that I thinks reflects that I have earnestly tried to find out what address I should send this product back too, a clarification on their part could have easily resolved this matter, by updating a correct address. It is hard for me to guess where I should send the product too All docs have been provided to Visa, I also sent a letter recently to the Maryland Attorney General Consumer Affairs, and they have advised me to contact you folks. Copy of letter provided below. 

In Conclusion, we believe that Chase did not follow up with us nor take our problem serious, in order to see that we have tried to follow up for months on end, and get nothing about a run around from the Vendor and then even from Chase themselves, it was like our documented case was nothing of value to them, but we work hard to get the money to have purchased this item, which we had properly asked to return. 

thanks from XXXX XXXX and XXXX XXXX XXXX XXXX XXXX XXXX XXXX, MD XXXX",Credit card or prepaid card + General-purpose credit card or charge card,hello problem vendor return info discuss differ address copi provid doc figur address use email place appropri address document find product part matter correct address guess product doc provid visa letter maryland attorney consum affair contact folk letter provid conclus chase problem order month end document case valu money purchas item ask return md 
"I am writing in reference to a dispute with Chase Auto-finance on my credit report for a "" missed payment ''. Enclosed you will find supporting documents for my dispute regarding my missed payment according to Chase. Chase alleges that my payment was late in for XXXX, but per the attached supporting documents of Chase statements dating XX/XX/18 to present, the XXXX statement shows no payment due for XXXX ( XX/XX/18 ) and an XXXX payment of {$410.00} for XXXX ( XX/XX/18 ). Thus I did not make a payment for XXXX XX/XX/18 and attempted to make a payment in XXXX several times. 
In attempts to make my payments, Chase customer service was unable to process payments due to an error on their part regarding the account number for my financial institution. I attempted to reconcile the account and pay what was owed but due to their error on their part the payment was reversed several times : XXXX-18 PAYMENT - BASE RENT XXXX ; TAX XXXX {$410.00} XXXX-18 REVERSED PAYMENT {$410.00} XXXX REVERSED PAYMENT {$410.00} XXXX-18 PAYMENT - BASE RENT XXXX ; TAX XXXX {$410.00} XXXX-18 PAYMENT - BASE RENT XXXX ; TAX XXXX {$410.00} XXXX-18 REVERSED PAYMENT {$410.00} XXXX-18 PAYMENT - BASE RENT XXXX ; TAX XXXX {$410.00} XXXX-18 REVERSED PAYMENT {$410.00} XXXX-18 PAYMENT - BASE RENT XXXX ; TAX XXXX {$410.00} XXXX-18 WAIVED LATE CHARGE {$20.00} XXXX-18 REVERSED PAYMENT {$410.00} XXXX-18 PAYMENT - BASE RENT XXXX ; TAX XXXX {$410.00} XXXX-18 PAYMENT - BASE RENT XXXX ; TAX XXXX {$410.00} XXXX18 PAYMENT - BASE RENT XXXX ; TAX XXXX {$410.00} XXXX-18 PAYMENT - BASE RENT XXXX ; TAX XXXX {$410.00}",Vehicle loan or lease + Lease,refer disput credit report payment support document disput regard payment accord chase chase payment  attach support document chase statement date present statement show payment payment payment  attempt payment  sever time payment custom process payment error part regard account number institut attempt reconcil account pay error part payment time payment base rent tax payment  payment payment base rent tax payment base rent tax payment payment base rent tax payment payment base rent tax waiv charg payment payment base rent tax payment base rent tax payment base rent tax payment base rent tax
"On XXXX XXXX, I contacted Chase XXXX XXXX customer service regarding the calculation of my minimum payment due. On XX/XX/2019, I transferred a balance of {$8500.00}. It was a XXXX percent balance transfer offer. I researched the minimum payment due calculation and per the cardmember agreement, the minimum payment is calculated at 1 % of the new balance, plus interest charges and fees ; therefore, I transferred this balance based on this information. I received my XX/XX/2019 statement. The balance was {$11000.00} and the minimum payment was {$560.00}. The minimum payment is definitely larger than the 1 % of the new balance plus interest and fees per my cardmember agreement. I tried to figure out how this calculation was made and I couldn't figure it out. I let it go for the month, figuring I was being charged the 1 % of the new balance, plus interest and fees ( the fees being the balance transfer fee of 4 % of {$8500.00}. I paid {$580.00} on XX/XX/2019. I thought from here on out, my minimum monthly payment should be approximately {$110.00} per month. I received my XX/XX/2019 statement. The balance is {$11000.00} and the minimum payment is {$560.00}. On XX/XX/2019, I contacted Chase XXXX XXXX customer service regarding the minimum payment calculation. I first spoke with XXXX. She stated that my minimum payment is being charged at 5 % plus interest and any fees. I told her that it should be 1 % and she told me that my cardmember agreement stated 5 %. I hung up and researched the cardmember agreement. I found it online and have saved it to my files. This agreement should not be any different than the one that I should be receiving in 10 days. Per the agreement found online, it is indeed, 1 % of new balance plus interest and fees. I called customer service back and spoke with XXXX, but was transferred to another person due to computer issues. I do not have this person 's name, as I could not understand her name. I explained to her that the cardmember agreement that is online states the 1 % of new balance plus interest and fees. She could not change it to the appropriate calculation per the agreement and said I would have to fax my agreement and jump through hoops. I told her that this was in violation of my agreement and that I would be contacting the CFPB.",Credit card or prepaid card + General-purpose credit card or charge card,  chase custom regard calcul payment 2019 balanc percent balanc transfer offer research payment calcul cardmemb agreement payment % balanc interest charg fee balanc base inform statement balanc payment payment definit % balanc interest fee cardmemb agreement tri figur calcul month % balanc interest fee balanc transfer fee % thought month payment approxim month statement balanc payment chase custom payment calcul state payment % interest fee % agreement state % hung research cardmemb agreement file agreement receiv day agreement inde % balanc interest fee custom servic person comput issu person name name agreement onlin state % balanc interest fee calcul agreement agreement jump hoop agreement cfpb
"I bought concert tickets for {$360.00} using chase quick pay and XXXX, it was a scam but neither Chase or XXXX will give me any refund or do anything about it to prevent this person from continuing to do this.","Money transfer, virtual currency, or money service + Domestic (US) money transfer",concert ticket use pay  chase refund anyth prevent person continu
"I opened a Chase Sapphire Reserve card at the end of last year. This month, Chase chose to close my card. This is within their rights, however they refused to pro-rate my yearly fee ( {$520.00} ) according to the months I that actually used the card. When I inquired for further clarification of their stance they again refused and then told me they were refusing to even discuss the matter further, even though I had additional concerns to discuss. 

Nothing in my cardholder agreement authorizes them to charge me for these services under a closed account, nor does this action hold up under general contract law.",Credit card or prepaid card + General-purpose credit card or charge card,chase sapphir end year month chase card refus year fee month use card clarif stanc refus matter addit concern discuss agreement author charg account action contract law
"I applied for the Chase XXXX premier rewards XXXX XXXX Mastercard around XX/XX/2018. After talking to a lending specialist on the phone the day after, and getting fully verified ( due to a fraud alert that is on my credit report ), I was approved for this card with a {$12000.00} credit limit. Everything was good, until I notice my card got declined when I was making a {$3.00} coffee purchase on XX/XX/2018. I immediately logged into my account, and notice that this account was stated as closed. After contacting the phone number on the back of my card, inquiring about what is going on with this card, they told me that they have no idea why the account has been closed ( no notes on the account ), however, the account was closed on XX/XX/2018 ( one day after the {$89.00} annual fee was posted ), a letter has been sent out, and a phone number I could call : XXXX ext. XXXX. 
There is a credit card agreement between JPMorgan Chase and the card holder. I have not violated any of the terms in that agreement. My credit standing/score is still as good as the time I applied for the card, with no sudden negative change, that might be deemed risky on Chase 's side. At this point what has happened is not credit-related ( therefore, violation of the fair credit reporting act ), and a case of discrimination. If chase did not want to do business with me ( I am a chase private client by the way ), they should have just declined my application with no credit pull stating exactly that fact as their reason. Doing this was well within their rights as a business, and I would have understood. However, if they have let me apply for a card, done a XXXX hard pull, approved me based on my credit, and then, all of a sudden, out of nowhere, my account has been closed by a secret department in Arizona for reasons that are unrelated to my credit, is ludicrous beyond belief, and a case of discrimination ... As a chase private client, I am really disappointed in how chase is conducting its business, and would like to request my credit card account to be reinstated immediately.",Credit card or prepaid card + General-purpose credit card or charge card,chase mastercard specialist phone day verifi fraud credit report card credit limit card coffe 2018 log account account state contact phone number card inquir card idea account account day fee post letter phone number  ext  credit card agreement card holder term agreement credit standing/scor time card negat chang chase side point credit-rel credit report act case discrimin chase busi privat client way credit pull state fact reason busi howev card pull base credit depart reason credit belief case discrimin chase client disappoint chase conduct busi credit card account immedi
I have a recurring payment from my Chase checking account to a XXXX XXXX credit card bill. My recurring payment is scheduled to be delivered by the XXXX of every month. It takes 5 days for delivery. Chase sent the check on XX/XX/XXXX so it was late to XXXX XXXX. I was charged a {$26.00} late fee by XXXX XXXX. Chase is saying that I scheduled the send by date of XX/XX/XXXX. First off I always send to a deliver by date. Also this is a recurring payment so you can easily see that Chase made a mistake. They sent it on XX/XX/XXXX to be delivered by XX/XX/XXXX. And this makes no sense because there is a 5 day delivery time.,Checking or savings account + Checking account,payment chase check account credit card bill payment schedul deliv month day deliveri check   charg fee send date date payment easili see chase mistak deliv  day time
I have a had multiple accounts of money being taken out of my account from a place called hidden listings. I have reported it to chase bank and nothing has been done and now they have taken over XXXX dollars out of my account over the last few months. I have never signed up for this service nor do I know what it is.,Checking or savings account + Checking account,multipl account money place call list bank dollar account month servic know
"At the end of XXXX XXXX I called customer service about the annual fee shown on my credit card statement. The agent said they were unable to waive the annual fee at the time but wanted me to reconsider keeping the card. The representative said that if I paid the fee but decided I wanted to close the card within 90 days, I could have my annual fee refunded and close the credit card at that time. I called again in XXXX to close the credit card since I could not use the benefits any longer. However when I was talking to the agent, they said that they would not refund the annual fee. I told them that I was instructed by the previous customer service agent that I would have 90 days to close the account and get my fee refunded. The representative was adamant that I was wrong and said there was nothing that could be done. I ended up closing my account and Chase was able to trick me into paying an annual fee for a card I do not want to keep.",Credit card or prepaid card + General-purpose credit card or charge card,end  call custom fee credit card statement agent fee time reconsid card fee decid card day fee refund credit card time credit card sinc benefit talk agent fee instruct custom agent day account get fee refund account chase pay fee card keep
"I am being sued over a credit card that i have never had, which company says was opened back in XXXX and closed in XXXX. I was hacked 3 times from XXXX. My internet company was asked 5 times over 3 yrs to change my secuirty key, XXXX XXXX never changed my security key. I had fraud on both my bank accounts in the amounts of around XXXX I have submitted an claim for XXXX and XXXX XXXX! they both were hacked! Also my XXXX card was back in XXXX of this year! almost XXXX. XXXX was hacked too! Had many fraud with that account too! Also XXXX XXXX  on XXXX  ordered a hat and soap which have which now with one of my cards of XXXX Every day is a new surprise in my email! Someone has messed with a XXXX XXXX account that I haven't used in 10 yrs! Someone opened a dept Chase Morgan account! I ll never have had any Chase Morgan account ever! My credit is frozen and has been since XXXX of XXXX My husband has been deseaced for 14 yrs, he had an ex-wife from XXXX. She and her family made our life 's misarable. She had 2 cars repoed lost there family home! But card and fake accounts in my name! She reacived XXXX child soaport and never paid for anything! She died 7 yrs ago and every one who did things with her is dead! I havent seen my step-daughter in 14 yrs, i gave her money to buy a car when her father died, Guess what? she blue the money with her mother, they all got tattoes! This identy-theft has been a Nightmare! Please help me, I ve been trying tofix my credit. My Computor has been scrub twice. I just bought it in XXXX of XXXX! Thank You! 
my daughter 's lab top has no spell ck, sorry! lol!",Debt collection + Credit card debt,su credit card time  internet compani time yrs chang secuirti key key fraud bank account amount submit claim  hack card year hack mani fraud account order card  day email someon mess yrs someon dept chase account morgan account credit sinc husband deseac yrs  famili life misar car repo home account name reaciv child soaport anyth die yrs thing havent yrs money buy car father die guess money mother nightmar tofix credit computor scrub  thank daughter lab top spell ck sorri lol
Co sign for auto Loan was not aware loan not already approve XXXX XXXX allow over 10 company to run my credit which result in Hard inquiry on my credit Bureau I did not authorize Liberty XXXX to allow inquiry,Debt collection + Auto debt,co auto loan awar loan alreadi approv credit result inquiri credit bureau author liberti inquiri
On XX/XX/2020 there was an Unrecognized Withdrawal for {$11.00} that Chase has Not credited and why Chase closed account. There is also a {$110.00} credit from XXXX along with {$3.00} monthly credits from XXXX that I have not received along with disputes I previously put through 1 year ago that Chase does nothing about.,Checking or savings account + Checking account,2020 credit chase account credit month credit receiv year
"A credit card application was completed by a bank officer in XX/XX/2017. The application was for a Business Credit Card. The business owner was unable to qualify for this card and asked me to co-sign for a "" loan '' ( not a credit card ). I provided my personal information to the bank officer at a meeting with him and the business owner. I assumed this was to check my credit. I was never informed that my information was being used to establish a Business Credit Card with me as Primary Card Holder despite my not being an employee or owner of this company ( which is required to be a Primary Card Holder ). I was not provided any documentation explaining the card agreement, the credit limit or my liability if the business could not pay the card charges.",Credit card or prepaid card + General-purpose credit card or charge card,credit card complet bank busi credit card busi owner loan credit card person bank meet busi owner check credit inform use busi credit card holder despit employe owner compani holder document agreement credit limit liabil busi card charg
"I was involved in a military scam. The scammers were supposed to be paying back money that I would d o cash advance  and put in an "" agent account ''. The payments were being pulled back. I was unaware. I would co ntact Chase to see if eligible for cash advance. The sa id yes on each occasion. I had calls from their security department several times. I called back they asked if I made a purchase, I said yes. No one on all if these occasions told me payment being pulled back. They finally sent letters saying could n't reach by phone and I had spoken numerous times. I contacted once I realized that I was involved in scam. Payments made by scammer and account was supposed to be closed and no further transactions made. This w as  XXX   -17 final  payment made in  XXXX  -17. I a gain called  XXXX -17 to inform Chase that scammer had account in there bank name  XXXX   XXXX  and provided account #. I wanted to give them scammers then security person did n't even want to deal with me or take information. On  XXXX  -17  the scammers pulled back all the payments after account was supposed to be closed and secure.. I call  XXXX  -17. T hey wo n't listen or try to help. The {$24000.00} increased to {$31000.00}. If they had told me on any of the numerous phone conversation that I had previously that payments being pulled back, I would have realized scam earlier and would n't have been out if control. I called again  XXXX  -17 I di scussed complete situation and asked why they did n't protect my account like they were supposed to, they just filled complaint and said go to small claims court. The scammers is in California.. they accepted no responsibility for not taking me seriously when I contacted before. They had their money. I had called  XXXX  because I had informed them same thing. They assured me that wo n't happen to have payment pulled back because I had Informed of fraud, just like I did for Chase,. They locked account down and forward to their headquarters. Why was Chase so negligent with my account. I realized that I made mistake and tried to rectify with them before they lost money again.. They failed to take proper action after I kept informing them of scam to protect them and me and that scammer using their bank to scam people. They basically blew me off..where are you to get help if you contact the bank where there is problem and they do absolutely nothing. This is wrong especially when I talked to an employee on  XXXX  -17 an d I was basically told account was safe now that paid and closed down. Please help this is happening to many people. When I made deposit in "" agent '' for scammers Account the teller said alot of people are depositing alot if money into this account. I have repeatedly tried to tell them this and they do n't do anything.",Credit card or prepaid card + General-purpose credit card or charge card,involv militari scam suppos pay money cash advanc agent account payment pull unawar chase cash advanc depart sever time ask purchas occas payment pull sent letter say phone time involv scam payment account transact payment gain call inform chase scammer account bank name provid account scammer person deal inform scammer pull payment account .. call hey help numer phone payment pull scam di scuss complet situat account suppos complaint claim court scammer california contact money thing assur payment pull inform fraud chase lock account headquart account realiz tri rectifi money .. action inform scam scammer use bank scam peopl blew help bank problem talk employe account mani peopl deposit account teller alot peopl deposit alot money account repeat tri
"I opened my Chase account XX/XX/2017, I have been making the payment on time since 2017. Last year, I had a minor XXXX and I was unemployed for six months, it kept me so behind on my bills since I didn't have a job. I explained this situation to many chase reps and asked them to help me with my financial crisis. I also asked them to waive the late fees and also reduce the interest charges because it's too hard to pay off with my situation. They refused to waive the late fees which is {$37.00} and also refused to waive the interest charges. Now, my balance is {$9100.00} and I started my card with {$8300.00} limit. My minimum payment is {$1800.00} and it keeps showing on my credit report as a delinquent account. I spoke with many people and they all are helpless. They do not help at all on the other hand, XXXX XXXX really helped me out when I was in a same situation. 

I can not pay such a high amount because I don't make much and I am also an XXXX XXXX so it's super hard to pay off the whole balance.",Credit card or prepaid card + General-purpose credit card or charge card,chase account payment time year unemploy month bill job mani chase rep ask help crisi waiv fee interest charg pay situat fee interest charg card limit payment show credit report delinqu account peopl helpless help hand realli help amount pay balanc
"On XX/XX/2019 I deposited a check into my chase bank acct via atm, in the ammount of XXXX and it printed out my receipt saying funds would be available by XX/XX/XXXX. The check was cleared by the bank on XX/XX/XXXX and on the morning of the XXXX I checked my banking app to see if the money was in my acct, it was. But when I went to use my debt card to pay bills n make purchases my card was declined, I called cutover service and was today that my acct had become restricted due to the the check not being verified and that my acct would be closed by the XXXX of XXXX if the check was not verified. I was told that I had 10 days from the date the check cleared, which was the XXXX to have the check verified. I was never contacted in any way to have been aware of any of this and was not given enough time to figure out what was meant to be done and to stop my acct from being closed. Long story short my acct was closed and I was sent a check on XX/XX/XXXX in the amount of XXXX, the remaining balance in my checking acct not including the XXXX check that was deposited in my acct, I was told that in order for them to release the check amount to me I would have to go into a branch bank with the executor of the check and both bring in documents verifying that we are who we are. The executor of the check was out of state at the time and wouldnt be back til the end of XXXX and I was told that the money will be held until we come into the bank to be verified. So Ive been waiting over a month for this money, had my bank acct closed and have had no help in getting my money back. Why would chase bank clear the check on the XXXX and still ask for it to be verified in order for me to get my money?",Checking or savings account + Checking account,deposit check bank acct atm ammount print fund bank bank money acct debt card pay bill card declin cutov servic today becom restrict check verifi acct check verifi day date check check verifi way time figur stop acct acct check  amount check acct includ check deposit acct order check amount bank executor check bring document verifi executor check state time wouldnt end  money bank verifi month money bank acct help money bank check verifi order money
"I have reached out to JPM Chase via certified letter to rectify errors and discrepancies being reported on my personal credit report that JPM Chase is reporting. On XX/XX/XXXX, a letter certified letter was sent to JPM formally to make the company aware of my formal notice my certified letter was received/signed for on XX/XX/XXXX. In my letter I requested information to be provided for validations made pursuant to the Fair Debt Collection Practices Act and the Fair Credit Reporting Act. A response was received from JPM Chase, however as when I pulled my personal credit, on the 31st  day from when JPM Chase received my certified letter. The company failed to DID NOT furnish the credit bureaus with the required disclosure, with the period as required by law. JPM Chase is required by federal law to place a "" notice of dispute '' on my account within 30 days of my dispute, which they signed for onXX/XX/XXXX. This clearly shows that they have violated the Fair Credit Reporting Act, Section 623 ( a ) ( 3 ) and also the Fair Debt Collections Practices Act Section 807 ( 8 ) by not placing the disclosure within the required 30-day period. I therefore then notified JPM Chase of this federal law violation in XX/XX/XXXX, which the address that was furnished to me on my credit report reflects, however that letter was returned to me as an unknown address. Clearly the information being portrayed on my report is inaccurate. I then sent a follow-up letter on XX/XX/XXXX as a goodwill gesture to allow JPM Chase to remove this item as they have violated federal law by not properly providing the credit bureaus with proper notice within the required timeframe, and I have the evidence of such, via certified mail receipts, JPM Chase MUST NOW remove the items. JPM Chase then responded on XX/XX/XXXXwith a letter agreeing that the information is inaccurate and will now go ahead and send the information to the Credit Bureaus. This is clearly a violation of FCRA 623 ( a ) ( 3 ) - Responsibilities of furnishers of information to consumer reporting agencies [ 15 U.S.C. 1681s-2 ] ( 3 ) Duty to provide notice of dispute. If the completeness or accuracy of any information furnished by any person to any consumer reporting agency is disputed to such person by a consumer, the person may not furnish the information to any consumer reporting agency without notice that such information is disputed by the consumer.

( B ) Time of Notice ( I ) The notice required under subparagraph ( A ) shall be provided to the customer prior to, or no later than 30 days after, furnishing the negative information to a consumer reporting agency described in section 603 ( p ).",Debt collection + Private student loan debt,reach jpm chase letter rectifi error report person credit report report letter certifi letter jpm make compani certifi letter received/sign letter request inform provid debt collect act credit report act chase person credit day jpm chase receiv certifi letter compani credit bureaus requir disclosur period requir law chase requir feder law place disput account day disput sign on show credit report act section debt collect act section place disclosur period jpm chase feder law violat credit report reflect letter address inform portray report inaccur letter goodwil gestur jpm chase item feder law credit bureaus timefram evid mail receipt chase item respond letter agre inform inaccur inform credit bureaus fcra inform consum report ] duti disput complet inform person report person consum person report agenc inform disput consum b time requir subparagraph custom day inform consum report section p
"I settled a debt with XXXX  XXXX which works with chase I believe, I was making payments on time and there was an issue with my job so I called to scheduled a payment later than what they had said and they agreed but not only that, they were charging triple and I had already made payments before but they couldnt see it on their report. When I was going to make the payment on the date that I had told them, I no longer could make the payment. I tried contacting chase but said my account was not found. I also to date I have not received letters from them stating my new balance or anything like that.",Debt collection + Credit card debt,debt  work chase believ payment time job call payment agre charg tripl alreadi payment couldnt report payment date payment contact chase account date receiv letter state balanc anyth
"On  XX/XX/XXXX  2017  I got  XX/XX/XXXX tattoo  at   XXXX   XXXX   in   XXXX   XXXX  , NV for {$350.00}. They then also without my authorization charged my card for {$870.00}  and forged a signature. They have documentation proving I was there for   XXXX  ta ttoo ONLY and no itemization to back up any of their claims of whatever they charged me for. I disputed the charge with Chase, but because of the fake signature, they will not help. I have tried to report this to BBB with no luck.
<P/>
In addition, the tattoo I paid for got  XXXX  and I spent {$150.00} dollars treating the  XXXX",Checking or savings account + Checking account,tattoo author charg card forg signatur document ta ttoo item claim whatev charg chase signatur help report luck addit tattoo spent dollar treat 
"My wife and I purchased our home in XXXX, XXXX. Because she had equity in her previous house and better credit, we decided to put the house in her name alone. My name was added in XXXX when we refinanced the house to a 15 year mortgage although her name alone remained on the deed. She died on XXXX/XXXX/XXXX from a long battle with XXXX. I not only lost my wife and best friend, I lost her income as well. Chase was kind enough to offer a loan modification program to help those who are struggling to make payments. Although I have always made the payments on time and continue to do so because of savings from life insurance, I am actually short about {$1500.00} a month. At my present rate, I will be out of savings in less than a year and will be forced to sell my house or maybe move and rent it out. I applied for a modification with Chase so that I can modify my loan from a 15 year to a 30 year mortgage. I was led to believe everything was in order and straightforward. The person I was dealing with is XXXX XXXX. I spoke with him on or about XX/XX/XXXX to ask how my application was coming along. He said he did n't know but assured an answer was imminent and that he would call me. Well, he never called so I called on Friday, XXXX XXXX an spoke with someone else who told me I was denied. This surprised me based on my longstanding and perfect payment history with Chase and my financial situation and have appealed their decision. The gentleman I spoke with was unable to explain the reason for the denial. What was particularly upsetting was I got a denial letter on Monday, XXXX XXXX DATED XXXX XXXX! This means XXXX lied to me! What was shocking and extraordinarily upsetting was they gave me XXXX options : 1. Short sell my house. This is ridiculous and insulting because Chase already verified the value of my house at {$340000.00}. I have that in writing. I owe about {$160000.00} so selling my house in XXXX is no problem. 
2. Foreclose on the house and give it back to Chase. 
My god, if this is n't predatory, I do n't know what is. 
No mention of selling the house ( other than a short sale. No mention of a refinance which is my other alternative since I only want to make the term 30 years instead of the current 15 year term. 
Can I sell the house? Yes, I can sell it. But why should I be forced to sell my house that my wife and I turned in to a beautiful home together. I 've lived there nearly 13 years. I ca n't imagine living anywhere else and my house is to special to me to consider moving right now. It 's not my fault my wife died. It 's not my fault I 'm struggling financially. Chase has a program to help customers who are struggling to make their house payments. I 'm one of those customers and am asking for their help. 
Another thing that was especially hurtful is they addressed the letter to both me and my wife despite me providing a death certificate and the proper legal paperwork to transfer ownership into my name. 
I 'm astonished at the incompetence and outright deceipt in how Chase has chosen to deal with situation. 
Your assistance in this matter is greatly appreciated. 
Thank you.",Mortgage + Conventional fixed mortgage,wife home  credit decid name alon name ad  year mortgag name alon deed battl  wife friend kind offer loan modif program help payment payment time continu life insur month rate year forc rent chase modifi loan year year mortgag believ everyth order straightforward person deal ask immin call friday someon deni base longstand payment histori chase financi appeal decis explain reason denial letter monday date  lie shock option sell chase alreadi verifi  problem chase god mention sale mention refin sinc term year year term wife home togeth year anywher consid move wife die fault financi program help custom payment custom ask help thing hurt address letter wife despit death certif paperwork transfer ownership name incompet chase deal situat matter appreci thank
"Let me add number to the sequence of activities made on my account: 1. I signed up on XX/XX/XXXX for a debt relief program-XXXX XXXX XXXX. They told  me that if I just stopped paying on my credit cards then they would use the monthly fee I would pay them and then down the road commit to a settlement offer with the banks.2. My last payment for both the credit cards was on XX/XX/XXXX (to pay for XX/XX/XXXX XX/XX/XXXXpayment).3. Due to the debt relief program, I left both the credit card accounts for the remainder of XX/XX/XXXX and did not pay for the beginning of XX/XX/XXXX payment.4. XX/XX/XXXX I was contacted by Chase customer support for the credit card department for both credit cards ending in XXXX and XXXX. I spoke with a representative and I explained why my credit card payments were late(because I signed up for the debt relief program   and stopped paying for XX/XX/XXXX). They then suggested that I close both my credit card accounts and set up a balance liquidation account for each card. I agreed to plan as it was going to lower my monthly rate and interest rate. Card ending in XXXX was going to automatically deduct $XXXX from my chase checking --- on XX/XX/XXXX. Card ending in XXXX    was going to automatically deduct $XXXX from my chase checking --- on XX/XX/XXXX. I  set up the payment plan with the support associate and waited for a follow up email confirming the transactions that will be automatically deducted.5. XX/XX/XXXX I received both the emails for the credit cards ending in XXXX and XXXX (date sent XX/XX/19 date received/dated by support associate XX/XX/19) confirming the new balances and the payment plan in which I would be set up for the next 5 years. 6. XX/XX/2019 I called Chase credit card customer support services and wanted to defer my payments for XX/XX/XXXX as I was let go from my last job and started a new job however will not be paid enough for XX/XX/XXXX payments for both the credit cards (mentioned above). While I spoke with the representative (XX/XX/XXXX) she told me that I have had a late credit card payment since XX/XX/2019. I know that I had a late credit card payment for XX/XX/XXXX ( due to the debt relief program). I explained to her that I called and set up a credit card payment program to pay $XX/XX/XXXXfor credit card ending XXXX  and the $XX/XX/XXXX for credit card ending in XX/XX/XXXX(first month- $XX/XX/XXXX going forward). I told her that all the payments have been automatic since XX/XX/XXXX when we set up the payment plan. She just kept saying over and over that I had a late payment in XX/XX/XXXX and it just used that late payment fromXX/XX/XXXX to XX/XX/XXXX considering it late and lowering MY CREDIT SCORE. 7. I investigated my transactions and downloaded all of the XXXX reports (attached for review). Upon checking ALL the transactions I have made, even going back to XX/XX/XXXX of  this year, PER THE EMAIL SENT ON XX/XX/XXXX (DATE STAMPED XX/XX/XXXX) I  found that the AUTOMATIC PAYMENT FOR XX/XX/XXXX, WAS NOT MADE FOR CREDIT CARD ENDING IN XXXX FOR THE AMOUNT OF $XXXX. I found that the AUTOMATIC PAYMENT FOR XX/XX/XXXX WAS SUCCESSFULLY MADE FOR CREDIT CARD ENDING IN XXXX   FOR THE AMOUNT OF $XXXX. 8. Per the “Screenshots of proven auto deduct payments” XXXX  worksheet. I had MORE THAN ENOUGH money to cover both the payments for both credit cards on XX/XX/XXXX. The following is the transactions:				DATE	TRANSACTION NAME	TYPE	AMOUNT	BALANCEXX/XX/XXXX	Online Transfer from CHK ... transaction#: ----	Account transfer	$XXXX 	$XXXX XX/XX/XXXX	Payment to Chase card ending in XXXX XX/XX/XXXX	Account transfer	−$XXXX	$XXXX 9. Per the transaction history it shows that a “XX/XX/XXXX	Payment Thank You - Speci−$XXXX ( credit card ending XXXX)” 10. On XX/XX/XXXX my account balance before the credit card payments were to be processed was $XXXX. If we deduct the $XXXX  (credit card payment) from account ending in XXXX then it comes out to $XXXX. This remaining amount should’ve covered BOTH CREDIT CARD PAYMENTS.  I then transferred over $XXXX   on XX/XX/XXXX making a new amount of $XXXX. Regardless of whether the payment was to be deducted on XX/XX/XXXX orXX/XX/XXXX my balance had MORE THAN SUFFICIENT FUNDS TO COVER THE BALANCE FOR BOTH PAYMENTS.11. PER THE EMAILS SENT ON XX/XX/XXXX( STAMPED XX/XX/XXXX BY THE SUPPORT ASSOCIATE) THE EMAIL STATED: (At the beginning) “We are writing to confirm the following electronic payments you authorized to your credit card account during our recent phone conversation.” (at the end)- To change any payment(s) you’ve authorized, please be sure to notify us at least 24 hours before the transaction date or we will continue processing the payment.”I AGREED TO AN AUTOMATIC PAYMENT SERVICE, WHY WAS CREDIT CARD ENDING XXXX  PROCESSED AND CREDIT CARD ENDING XXXX NOT?WAS THIS FIRST INITIAL PAYMENT SET UP MANUALLY BY THE CUSTOMER SUPPORT ASSOCIATE AND THEY FORGOT TO SET IT UP FOR THE CREDIT CARD ACCOUNT ENDING IN XXXX?12. Date:	XX/XX/2019 XXXX:XXXX:XXXXTo:	Chase OnlineSubject:	Account InquiryMessage:	 Hello,On XX/XX/XXXX, I set up a bank liquidation payment program for both my credit cards ending in XXXX, XXXX  via the CC customer support team. Both credit card payments were suppose to be withdrawn on XX/XX/XXXX and while investigating my checking account ending in --- I found that the amount of $XXXX for the card ending in XXXX was successful however the credit card XXXX was not successful. I am not sure because according to the downloaded bank statement for XX/XX/2019-XX/XX/19 there was in fact sufficient funds for both payments to be made. Now, knowing that my account looked odd I called customer support for credit cards on XX/XX/XXXX, XXXX:XXXX XXXX XXXX XXXX-XXXX  Toll Free Call XXXX 08:00 min. I asked the agent to verify and confirm that my payments did go through and that my account was indeed up to date because my balance and info looked odd. He assured me this was the case and that everything on my account looked fine. XX/XX/XXXX I call and told that im behind in payments since XX/XX/XXXX which is IMPOSSIBLE. Please reference the downloaded XXXX sheet of transactions and available balance for XX/XX/XXXX. Also please reference the official bank statement download attached to verify the transactions. I was told by a Supervisor in Customer Support CC accounts and by a Supervisor in customer service that I am required to retrieve a statement or document that verifies and proves that there was in fact enough funds on XX/XX/XXXX for both the payments to be deducted. I called customer service today for my checking account ending in --- to request for a document or statement that verifies the available balance for XX/XX/XXXX. XXXX  and his supervisor XXXX informed me that there is NO ability for them to send me any documentation or email me information other then sending me my statement balance and transactions that occurred for the month of XX/XX/XXXX. I asked them if I need to go to a branch and get a documented letter and proof of transactions and available balance and they said they didnXXXXXXXXt know. So I am now asking that this concern be escalated immediately to someone that can provide me with the documentation that both the supervisors say I am suppose to be getting for validation. If this issue is not escalated and addressed and resolved immediately then I will begin with taking legal action because going around in circles with the 2 different departments is NOT MAKING ME A HAPPY CUSTOMER!!!!!! IM XXXX, LIVID, ANGRY AND ANY OTHER TERRIBLE EMOTION YOU CAN IMAGINE. Why? Because of an error made on the systems side, not mineXXXX¦ and because someone on XX/XX/XXXX gave me the WRONG information my credit is SCREWED. You guys have officially destroyed my creditXXXX¦ So either this issue gets escalated to the CEO Escalation team or some team able to resolve this, or I will be taking legal action.Why was the payment for CC ending XXXX successful but the CC ending in XXXX  payment was NOT?******ESCALATE THIS ISSUE AND CALL ME IMMEDIATELY************(Email above sent to Chase Executive escalations for review)XX/XX/XXXX, I received a phone call from an excutive member from the headquarters and was unable to speak with the individual as my work schedule conflicts with the availability for calls. I called back and requested to speak to someone on the executive team and then was told from XXXX  that he does not know whats going on my account and that the other executive member needed to call me back during a time best for me, he set up the time and then just hung up on me without asking me if I had other questions, telling me goodbye or anything. I have received little to NO help with ensuring the individual from XX/XX/XXXX is held accountable for verifying that my account was in good standing etc.So now I have over 4 months in late fees, interest rate and kicked off the bank liquidation program. My credit score also jumped DOWN 136 points resulting in a POOR credit scoreI have attached multiple documents already to chase in which they can find on my account and recent messages sent with PROOF of balances and call.",Credit card or prepaid card + General-purpose credit card or charge card,number activ account sign debt relief pay credit card month fee road commit settlement offer banks.2 payment credit card .3. debt relief program credit card account pay payment.4 chase custom support credit card depart credit end  credit payment debt relief program pay  credit card account balanc liquid account card agre plan month rate interest rate end  deduct chase check  end  deduct chase check  payment plan support wait email confirm transact deducted.5 email credit end  date 19 date received/d support 19 balanc payment plan year call chase credit card custom support defer payment let job job howev payment credit card mention spoke  credit card payment sinc credit card payment debt relief program credit payment program credit card end credit card end payment automat sinc payment plan payment  use payment from consid credit score transact download report review check transact year email date stamp  payment  credit end  amount  payment  success credit end  amount “ screenshot auto deduct payment worksheet money payment credit card transact date transact name type amount balance onlin transfer chk account payment chase end  account transfer transact histori show payment thank credit card end   account balanc credit payment process credit card payment cover credit payment amount payment deduct balanc suffici fund cover balanc payments.11 email support associ email state confirm payment author credit card account phone conversation. end payment ’ author hour transact date continu process payment. agre payment servic credit card end process credit card end  payment custom support associ credit card end  date   to chase onlinesubject account inquirymessag hello bank payment program credit end  cc custom support team credit payment suppos withdrawn investig check end found end  success howev credit card success accord download bank statement fact suffici fund payment call custom support credit card  toll call min verifi confirm payment account inde date balanc info look case everyth account look fine  call im payment sinc imposs sheet avail balanc  bank statement download transact supervisor custom support cc account supervisor custom requir retriev statement document verifi fact fund payment deduct custom servic today end request document statement verifi avail balanc   supervisor inform abil document email inform statement balanc transact month need letter proof transact avail balanc didnt know concern immedi someon provid document get address resolv action differ depart custom  livid terribl emot imagin error system side mine¦ someon inform credit screw guy destroy credit¦ get ceo team team abl resolv payment end  success end  payment * issu call immedi sent chase review  phone call member headquart speak individu work conflict avail call request speak someon team member need time time hung question anyth help account verifi account stand month fee interest rate bank program credit score point result credit scorei document alreadi chase account messag proof balanc call
"I am a current business customer with Chase bank. I opened my account in 2014. My account is currently FROZEN with NO access to my money. As a small business owner, I 've been building my client base and have conducted mostly smaller transactions. Four weeks ago, I received a very large wire deposit from a client. It was my company 's largest sale to date. After the funds cleared, I attempted to send payments as wire transfers to all my vendors, none of which went through. That is what alerted me to the issue. Chase did not contact me with any fraud alerts. I just stopped having access to the account. At first, Chase explained that they identified some fraudulent activity. They were concerned that my account had experienced a large spike in activity. I was asked, then verified all charges as legitimate. The Chase rep stated that my account would be cleared by next business day. Still no access by next business day. When I followed up, the Chase rep then stated that they were investigating the source of the large wire transfer and I had to provide all of my invoices and tax returns to prove that I was a legitimate business. They did not provide this information willingly, though. Chase stated that under the Patriot Act, they do not have to explain themselves. However, I provided all requested documents. To date, I had been in business for over 2 years. Chase then stated I had to wait 10 business days for the investigation to clear. I did and the account was still frozen. After doing some searching regarding people who have experienced similar situations with Chase, I found that Chase had an Executive Customer Service office dedicated to solving out-of-ordinary issues. I called them. The rep was very apologetic and stated that my account would be accessible next business day. Next day, the account was still frozen. The rep who was originally assisting me was not there, and another representative stated that reactivating the account "" takes time '' and that they "" ca n't just press a button to make it happen. '' The next day with no access to my account, the original rep then admitted that someone had made an error and the investigation had started all over again. UNBELIEVABLE! I was asked to submit all my proof once again. So, today, I submitted all the SAME documents from the original request. I actually forwarded the same email I sent two weeks ago. Chase stated that they needed these documents again because they no longer had them in their possession. Where did my documents go? I had to submit my tax returns. Essentially, they have admitted misplacing documents with sensitive personal information. Everytime XXXX call, I am on the phone for at least 30-60 minutes. In the meantime, the money which would pay my salary, is being withheld, limiting resources that would support my family. I waited for the "" investigation '' to run it 's course, was told that everything was cleared, and, then NOTHING HAPPENED. They provided no explanation of how this could come to pass. Now, they want to start the process over again. There is no transparency in the process. In addition to submitting this complaint, I have asked our Congressman 's office for help. If I do not get a resolution shortly, I will be forced to take legal action and post this rather embarrassing situation on social media. This, apparently, is the only way to get the attention of banks like Chase.",Bank account or service + Checking account,busi custom bank account account access money busi owner client base conduct transact week larg wire deposit client compani sale date fund payment wire transfer vendor none issu fraud alert access account chase explain fraudul activ concern account spike activ ask charg legitim state account busi day access busi day state investig sourc larg wire transfer provid tax return legitim busi inform state patriot act explain howev request document date busi year chase state day account search regard peopl situat chase custom servic solv issu call rep apologet state account access busi day day account assist state reactiv account time button happen. day access account admit someon error start submit proof today submit document origin request week chase state need document possess document tax return essenti document sensit person inform call phone minut meantim money salari withheld limit resourc famili run cours everyth happen provid explan pass process transpar process addit submit complaint congressman help action post embarrass appar way bank chase
"Bottom line is my credit has unjustly been damaged. My house payment originated with XXXX  XXXX XXXX, then we went bankrupt ourselves in XXXX, and the house was "" NOT '' reaffirmed, so they stopped reporting immediately, then XXXX took over, always asking if our intention was to keep the home, ( it was ) in all correspondence. Then XXXX got the mortgage, they honored the law, and didn't report either. But when XXXX XXXX too over, unbeknownst to me, started reporting me, and stated "" they weren't told '' about the bankruptcy??? So even last week, synchrony refused to reinstate my credit line, my score has crept up a little, since it, thru dispute, was finally removed, but the damage still lingers as my score is in the low to mid 600 now. 

On about XX/XX/XXXX XXXX took over, from XXXX. The letter from XXXX 's bankruptcy people stated not to send a payment, so we didn't, and when we got a letter from XXXX they stated we were 2 months behind, we sold, and paid off, our house following around XX/XX/XXXX and by then it showed 3 months behind. That remained unchanged, not showing paid, not removed, or at least corrected, for about 1/2 a year. We began contacting them, early XXXX with them promising a correction. But they never did correct it. 

XXXX has lowered and closed all of my credit lines. XXXX has lowered my line. Chase has lowered my credit line. My score dropped to the low 500 's from high XXXX XXXX 's. 

The credit bureau 's have finally removed last month ( late XXXX ), after a lengthy dispute, worsened by temporary Covid delay, but my score and credit lines are still severely damaged, due to lowered, and closed credit lines, affecting my credit utilization. 

Bottom line is, House the house was "" NOT '' reaffirmed, so this should have never happened.","Credit reporting, credit repair services, or other personal consumer reports + Credit reporting",line credit damag payment origin  reaffirm report immedi intent keep home correspond honor law   report state bankruptci week refus reinstat credit line score crept littl sinc thru disput remov damag mid   letter  bankruptci peopl state payment letter state month month show remov year promis correct close credit line line credit line drop credit bureau remov month  disput temporari covid delay credit line damag credit line credit util line reaffirm
"I requested for mortgage assistance with Chase several times and only qualified for the program short sale or deed in lieu of a foreclosure. I accepted the fact that I had only the option of the short sale. In XX/XX/2016 the house was placed on the market as a short sale. The house had a offer within two weeks of being placed on the market. I contacted Chase to see if I qualified for the HAFA/Relocation assistance. The Chase representative looked into my account and told me I was eligible for the HAFA assistance at the full amount of {$10000.00}. My realtor has been very timely in sending Chase all documents needed for the short sale. Since the offer has been submitted in XX/XX/2016 Chase has been dragging their feet in this process. Now the HAFA/relocation program has expired XX/XX/2016 and Chase is telling me I no longer qualify for relocation assistance, even when my home was listed and going through the process prior to the XX/XX/2016 expiration date. I feel my account and loan should still be honored for the relocation assistance. I 'm making sure the property is being taken care of and has not been abandoned through this process and feel Chase should grant me the relocation assistance that I originally qualified for.",Mortgage + Conventional adjustable mortgage (ARM),request chase sever time program sale deed lieu foreclosur fact option sale place market sale offer week place market chase hafa/reloc assist chase account hafa amount realtor time chase document sale sinc offer submit chase drag process hafa/reloc program expir chase tell reloc assist home list process expir date account loan reloc assist properti care process feel chase reloc assist origin qualifi
"I contacted Chase regarding a promotion they were running for their Reserve card. The promotion provided XXXX bonus points. Since I was an existing Chase Slate customer I called their customer support organization to inquire about the new card promotion and confirmed I would be able to take advantage of the bonus points by upgrading my current account. I was told yes, but they needed to run my credit to increase my credit line to ensure I was eligible. They ran my credit and increased my limit. Fast forward 3 months, the bonus points were never received. I reached back out to try to resolve the problem. Spoke to an agent and someone claiming to be in a management role. They would not share the call recording with me and simply said that they could not honor the bonus points since I was a current customer. I also went on twitter to try to escalate, but Chase did not resolve the issue and stopped communication with me. I feel like I was not provided accurate information and would not have upgraded my card ( which includes a annual fee ) if I knew I was not going to receive the bonus points.",Credit card or prepaid card + General-purpose credit card or charge card,chase regard promot card promot provid bonus point chase slate custom call custom support card promot confirm account credit credit line elig credit limit month bonus point resolv problem someon claim role share record simpli custom tri resolv issu stop communic provid accur inform card fee bonus point
"I wrote a check from my Chase Bank account to a XXXX customer. The check was deposited into XXXX checking account ; it was cleared and the image was posted on my Chase account. However, the payee reported that the check in her XXXX account was reversed with a fee, after it had been credited. Who has the money? The money was already drawn from my Chase account by XXXX. How can I trace this money?",Bank account or service + Checking account,bank account custom deposit check account imag post chase account howev report check account fee credit money money drawn chase account trace money
"I have held different credits cards from chase at different times and always paid my debt in full. In XXXX, I requested for my account to be closed and paid off my balance on the last account I held with Chase. 
In XXXX, I discovered that a negative report was placed on my credit score. I disputed this with XXXX  and called Chase to find out why  there was a negative report on my account. I got a run around from, purchasing some items while in Carlifonia in XXXX of XXXX or XX/XX/XXXX. I denied ever stepping foot in Carlifonia or making any purchases with a chase card credit card in over 2 years. This charge was ascribed to the different cards I had used and closed. I pointed this out to the representative and even him the last chase credit card number I held. I requested for a copy of the statement showing what was charged in my account as I had closed all my chase cards, but Chase declined to give me a copy of the statement. 
It is for this reason that I am making a complaint against Chase for the wrongful negative report as there was a charge after I paid up my account. I do not owe Chase Credit any amount and wish the negative report lifted from my account as it is erroneous.","Credit reporting, credit repair services, or other personal consumer reports + Credit reporting",differ credit card chase differ time alway debt  request account balanc account chase  report place credit score call chase report account item carlifonia deni foot chase card credit card year charg ascrib card use point chase credit card number request copi statement show chase card declin copi statement reason complaint chase report charg account chase credit amount report lift account erron
"I was looking over my Chase/amazon  credit card XXXX statement. When I closely got to looking at it. I noticed I was being charged for amazon XXXX, amazon XXXX, and was getting double billed. Amazon XXXX was billed on XX/XX/XXXX and XX/XX/XXXX for XXXX. On XX/XX/XXXX I was charged XXXXfor Amazon XXXX. Then on XX/XX/XXXX I was charged XXXX for Amazon XXXX, and then again on XX/XX/XXXX for XXXX. I only agreed to pay for the one amazon XXXX. Which I was told included the music free shipping, and video. As I was talking to them. I decided to look at another old bill. When I got to looking at that one, I noticed back on XX/XX/XXXX and on XX/XX/XXXX I was charged XXXX for amazon XXXX, On XX/XX/XXXX I was charged XXXX, and on XX/XX/XXXX I was charged XXXX for amazon XXXX. Now before I mention the old bill the lady said they will reimburse me the 2 months of music. When I mention the charges that go back to XXXX. I was told that they would pay me for the double billing, but not for the music. After question that they ended up paying back the XXXX  and 2 payments of the music. The total amount XXXX. Then when I went to ask any question. The lady couldn't answer any of my question. Then I called Chase. I explained to the gentlemen what was going on. He went to look it up. Then told me then I have been charged for the music since XX/XX/XXXX and the video since XXXX of XXXX. Never did tell me about the double billing on the XXXX. Then he told me that since there was so many transactions he had to send me to another department. Where I spoke to a lady. She explained to me that she could only go back to XXXX of XXXX. So now I am out of that money that they took out for a year.",Credit card or prepaid card + General-purpose credit card or charge card,look chase/amazon credit card statement look charg amazon amazon bill bill charg amazon amazon pay amazon  music ship video talk decid look bill  charg amazon charg charg amazon mention bill ladi month music mention charg doubl bill music end pay payment music amount question ladi question call chase look music sinc video sinc bill transact depart ladi explain money year
"XX/XX/XXXX I applied for Loss Mitigation Assistance through my Servicer Chase which is supposed to be provided to me under the terms of the numerous Settlement Agreements Chase has made with the United States government over their wrong doing in the XX/XX/XXXX financial collapse.I also know that I am qualified under the terms the government set forth for Chase. For a year now I have been told I am qualified for assistance but have been delayed by Chase without any written or verbal reason. I have been asked to submit numerous documents several times, duplicate, triplicate and more. On this final attempt to settle my account after Chase approved loss mitigation for my account Chase does n't seem to know how to receive or may contact with the investor on my mortgage which is absurd. I have been waiting for 10 days to close this file out with Chase and they ca n't or wo n't make a decision. As the servicer they must have the authority to make final decisions on my loan in a time specific manner as they agreed to this in their court settlements with the government",Mortgage + Conventional adjustable mortgage (ARM),loss mitig chase suppos term settlement agreement chase unit state govern financi collapse.i term govern chase year delay chase reason document sever time attempt settl account loss mitig account receiv investor mortgag absurd day chase decis decis loan time manner court settlement govern
"In early XXXX 2016 I submitted my request for short sale consideration. My representative at the time was "" XXXX XXXX ''. There are quotations around the name because I do not know if this is a real person or a name that is placed on these documents. Every time I have called throughout the initial phase of this process I have never been able to make contact with "" XXXX ''. 
On XXXX XXXX, 2016, I received documentation from chase requesting additional information for my short sale request. The letter acknowledged receipt of the purchase agreement from my real estate representative. The letter identified that I needed to call regarding the documents I faxed over for short sale consideration. I called repeated times and could never get a hold of "" XXXX XXXX ''. 
On XXXX XXXX, 2016 I received confirmation that my short sale confirmation was completed and approved. In the documentation it asked for me to choose a real estate agent. List our home at fair market value, complete a form and send with listing agreement. All of this was sent well before this date. I did not know why I was getting this document only to think that the documents I had previously sent were lost or destroyed. 
On XXXX XXXX, 2016 I received documents stating that my documents were being reviewed to see if I was eligible for a short sale ; contradictory to the letter I received on XXXX XXXX, 2016. This letter requested a copy of the seller 's financial documents and related documents, signed listing agreement ( already provided on or before XXXX XXXX 2016 ), copy of purchase/sales contract ( already provided on or before XXXX XXXX 2016 ), a XXXX settlement statement, and information about real estate commissions. 
Due to my repeated attempt to contact "" XXXX XXXX '' with negative results I finally typed a letter and faxed it to XXXX and sent it via XXXX Mail. I never heard form "" XXXX XXXX '' after these attempts. 
On XXXX XXXX, 2016 I faxed another letter asking "" XXXX XXXX '' to contact me. The fax was sent to XXXX using the Chase fax cover sheet. 
On XXXX XXXX, 2016 I received paperwork offering me to participate in the short sale program. Was I not in the short sale program already? I was approved for it XXXX XXXX, 2016. I called and was not able to contact "" XXXX XXXX '' and was told by another representative in the short sale department that my new representative was "" XXXX XXXX ''. I was not able to contact "" XXXX ''. The representative stated that my real estate agent needed to provide a copy of the sales contract, XXXX, XXXX Listing, and a buyer pre-approval letter. I told the representative that most of those documents had already been provided over a month before. He had no answer for me and recommended I contact "" XXXX '' who has my file. I requested to leave a message for "" XXXX '' on his voice mailbox, but apparently that does not exist in this department. The representative stated he would send a direct message to "" XXXX '' to have him call me. "" XXXX '' never called. 
On XXXX XXXX, 2016 I received another letter stating they recently received my request to review my eligibility for a short sale. ( This was approved on XXXX XXXX, why am I receiving this now? Did they lose my paperwork? ) On XXXX XXXX, 2016 I received paperwork stating they are reviewing my eligibility for a short sale but they need more information. Chase needed a copy of the purchase/sales contract, real estate commission information, and XXXX document. All this information was provided in XXXX. Once again inconsistent information was being requested. 
I called on XXXX XXXX 2016 and was told by XXXX XXXX that XXXX XXXX my new service representative. She also stated that information was sent via the "" XXXX '' system to my real estate agent asking for a pre-approval letter, XXXX, proof of funds.",Mortgage + Conventional adjustable mortgage (ARM),earli  submit request sale consider time  name person place document time call phase process contact  document chase request addit inform sale request letter receipt purchas agreement estat letter document fax sale consider repeat time   receiv confirm sale complet approv document ask choos agent list home fair market valu complet form list agreement date sent destroy  receiv document state document review sale letter receiv letter request copi seller document relat document list agreement provid purchase/sal contract provid settlement statement commiss repeat attempt contact  result type letter fax mail form  attempt   fax letter contact fax use chase fax cover sheet  receiv paperwork offer sale program sale program alreadi  call abl contact  sale state estat agent need sale contract  list buyer letter month contact file request leav messag voic mailbox depart state messag me.  receiv letter state receiv request review sale receiv paperwork   receiv paperwork state review elig sale inform copi purchase/sal contract estat commiss inform document inform provid inconsist inform request  state inform system agent letter proof fund
"Dear Sir, I have received a letter from Chase that there is account on my name, which was numbered was "" XXXX '', I do not have any business with chase on any kind of loan or insurance, there were two credit cards ( ending XXXX  and XXXX ) and both were closed on XX/XX/2018 and XX/XX/2018 respectively ( letters are part of the CHASE CFPB Complaint IDs XXXX,XXXX and XXXX ). Individual credit card ending XXXX closed with XXXX balance on XX/XX/2018 and Individual credit card ending XXXX closed on XX/XX/2018 and I am paying remaining balance monthly. Apart from these two individual closed credit cards XXXX and XXXX, I do not have any business or no loans or no insurance or no business with chase at all. All of sudden I received the letter from chase that there is a account 'XXXX  ' on my name, address and social, which is a fraud, crime and identity theft. Could CFPB direct respective credit bureaus to explain me the full details of disputed fraudulent account 'XXXX ' in written response called on my name, social, rental apartment address and various identification details. I also observed that there is a phone number called 'XXXX ( Home Equity of Chase ) ', does it mean that someone has taken the loan using my name, social, address and various identification details fraudulently without my consent and authorization. Could CFPB kindly direct all the credit bureaus to file complaint against chase and account number 'XXXX  ' under forgery,, fraud, identity theft and crime. This is a fraud and crime that someone has taken the loan on my name, social, rental apartment address and various identification details without my consent and authorization. I am going to file the police complaint and communicate to federal department. Could CFPB kindly direct credit bureaus to dispute this fraudulent account 'XXXX  ', file a complaint against chase, provide me the complete details of this account and remove it from credit report under forgery, identity theft and crime. I do not have any business with chase and I have no idea what are other fraudulent details they used to obtain this loan using my identity and social.","Credit reporting, credit repair services, or other personal consumer reports + Credit reporting",sir letter chase account name number chase kind loan insur credit card 2018 respect letter part chase cfpb complaint id credit end balanc individu credit end pay month credit card busi loan insur chase receiv letter chase account name fraud crime ident theft respect credit bureaus detail disput fraudul account name detail phone number call home chase someon loan use name detail fraudul consent author kind credit bureaus file complaint chase account number forgeri fraud ident theft crime fraud crime someon loan name detail consent author complaint feder depart kind credit bureaus account complaint chase complet detail account credit report forgeri ident theft crime chase idea fraudul detail use loan use
Hard inquiries without my knowledge -chace -XXXX I didnt applied for any credit line for this two companies.,"Credit reporting, credit repair services, or other personal consumer reports + Credit reporting",inquiri -chace didnt appli credit line compani
"There is a CHASE SLATE credit card opened by someone else under my name which i believe my identity was stolen while i traveling abroad. 

Chase Contact Information XXXX XXXX XXXX XXXX, DE XXXX ( XXXX ) XXXX","Credit reporting, credit repair services, or other personal consumer reports + Credit reporting",chase slate credit card someon ident travel inform   
IVE TIRED SEVERAL TIMES TO CALL THIS COMPANY AND THEY KEEP SAYING THEY HAVE NO INFORMATION ON ME. ALSO SENT LETTER TO SHOW THIS WAS MY ACCT BUT THEY DIDNT SEND BACK ANY VALIDATION OR VERIFICATION THAT I REQUESTED. SENT LETTER ON XX/XX/2018 STILL NO RESPONSE FROM THIS COMPANY,"Credit reporting, credit repair services, or other personal consumer reports + Credit reporting",tire sever time call compani inform letter show verif request letter 2018 compani
"I just received a notice in the mail ( XXXX-17 ) that my Chase credit card 's terms are changing. Specifically my interest rate is being increased from a moderate, but not entirely unreasonable ~10.9 % APR to 15.75 % APR. They did not provide what I consider to be a valid reason for the change. This was not based upon missing payments, nor upon credit history, or any other of what I would consider to be "" reasonable '' justifications. 

Their sole justification effectively boiled down to "" we 're not charging you a high enough interest rate, so we 're increasing your rate by ~50 %. '' In the more 'legalese ' verbiage of the notice, the only justification for this outrageous increase is "" ... because your APRs are below the lowest APRs we currently offer on similar accounts. '' To me, this is simply them saying, "" we 're not over-charging you to the same extent we 've managed to over-charge everyone else through our methodical long-term upward APR creep, so, we 're simply adding an extra 50 % to your APR, welcome to the club. '' Sure, they say that you can "" reject the change, '' but if you do so, the only recourse listed is to "" notify them in writing and then stop using and close the account. '' To me this is quite unacceptable. I 've had this account for years. Probably a decade even. They inherited it from Washington Mutual. And, up until now, they have never seemingly had a single problem with my account resting at 10 %, and taking their pound of flesh, so-to-speak. So, why, all of a sudden is a rate closer to what I would call a "" penalty interest rate '' apparently the "" lowest they 're willing to go ''? 

In my opinion, an un-telegraphed 50 % increase in APR, with no justification other than "" we want more money, '' is simply nonsensical. 

And, for reference, my card at a competing "" too big to fail '' institution is only 8.90 %, and has been equally stable for approximately a decade. Chase has always charged a higher rate with a lower spending cap than the equivalent larger cap and lower interest rate. Now, they seem intent to charge DOUBLE what I 'm paying at the other institution. To me that says, it 's not me that 's the problem, it 's them. Pure and simple.",Credit card or prepaid card + General-purpose credit card or charge card,receiv mail chase credit card term chang interest rate moder % % apr consid reason chang base payment credit histori reason justif justif effect boil charg interest rate rate % verbiag offer accounts. extent ve everyon apr creep ad % apr chang list write stop use quit ve account year probabl problem account % pound flesh rate interest rate re opinion % apr money simpli refer card compet fail % stabl approxim decad rate equival cap interest rate charg doubl pay institut problem pure simpl
"Ive always paid my bill and paid off my card numerous times over the past few years, thousands of dollars and even been rewarded increase, my bill was due on the XXXX of XXXX, due to the Corona virus I called in 3 days past my date and come to find out they closed my account! No notice! No phone call, they would even disclose why, Im severely upset and offended now I have no card and balance that was in the works to be paid off, I want my card back and a reason why, even if Ive never been late to have my card closed for no good reason not fair ....",Credit card or prepaid card + General-purpose credit card or charge card,alway bill time year dollar bill  corona virus call day date account phone call card balanc work card reason card reason fair ....
"Someone has been fraudulently accessing my account, and they have my SSN and identification information. I 've called Chase 4 times requesting that security measures be placed on the account to prevent authorized access and disclosures. At first, after 3 hours on the phone with Chase, they said all they could do was change the account number and not allow access by SSN. However, I just called in today, and their system only asked for the last    XXXX   digits of the SSN, and it let me into the account. When I called Chase t oday, they now say they ca n't even do  (  the above ) as promised earlier and there is nothing I can do to secure access to this account. Today they tell me that are unable to change the account number and/or restrict access to anyone that calls in with the last  XXXX  of my SSN. I 've asked to speak to a supervisor and they refuse to transfer the call. The last person at Chase who I spoke to is  XXXX   XXXX ,  XXXX   XXXX .",Mortgage + Conventional home mortgage,someon access account ssn identif inform chase time request secur place account prevent author access disclosur hour phone chase account number access ssn howev call today system digit ssn account chase oday promis access account today chang account number access anyon call ssn ve ask speak supervisor refus transfer call person
"Chase is moving forward with a foreclosure sale on XXXX XXXX 's home despite the fact that her loss mitigation review remains pending. Dual tracking is a violation of Regulation X, 12 C.F.R. 1024.41 ( g ).",Mortgage + Conventional home mortgage,sale home despit fact loss mitig review track violat regul c.f.r g
"Hello, I was an authorized user on a relative chase credit card and had asked to be permanently removed from my credit report which they agreed and also have that address removed from my report as I am no longer staying there. For some reason it is still showing up. Just looking to have this corrected and moved from all credit reporting company 's as promised","Credit reporting, credit repair services, or other personal consumer reports + Credit reporting",hello author user chase credit card ask perman credit report report stay reason move credit report compani promis
"Received two letters dated XX/XX/2020 for two credit card accounts from "" CHASE Card Services '' and "" CHASE Cardmember Services ''. Subject : "" Update : You have only used some of the available credit on your Freedom account '' The body of the letter have my account ending numbers, my name and the following text : "" In reviewing your credit card account, we saw you spent far below your available credit limit in the last 12 months. Because or your limited usage, we're lowering your limit to {$13000.00} 30 days from the date of this letter. '' The credit limit as of XX/XX/2020 is {$26000.00}. This action would reduce my available credit to less than half the current amount. 
Subject : "" Update : You have only used some of the available credit on your CHASE SLATE account ''. The body of the letter have my account ending numbers, my name and the following text : "" In reviewing your credit card account we saw that your payments are low compared to your balance, and you spent far below your available credit limit. As a result, we're lowering your limit to {$7200.00} 30 days fro the date of this letter. '' The credit limit as of XX/XX/2020 is {$14000.00}. This action would reduce my available credit to less than half the current amount. 
These actions would destroy my credit score which is currently at a range of XXXX ( XXXX  ) to XXXX ( XXXX  ) as of XX/XX/2020. This action would have a negative effect on all of my credit accounts and my credit score. 
Chase Bank set these credit limits, not me. I am being penalized for being a responsible customer. This is not fair, and should be illegal under the "" Equal Credit Opportunity Act ''. I have 3 credit cards with Chase, one of which I requested. The other two accounts were with other banks which Chase bought and issued their credit cards. I have been a loyal and responsible customer of Chase for many years and this action is despicable. I would close these accounts but that would only do more harm to my credit score. I am being discriminated against for being a responsible credit customer. Chase has become a loan sharking company, if they can not collect late payment and sky high interest they destroy our credit rating. 
Please make the multi-billion dollar corporations subject to the law. American consumers are powerless to protect our hard earned credit worthiness under this system.",Credit card or prepaid card + General-purpose credit card or charge card,receiv letter date credit card card servic cardmemb servic subject updat use avail credit freedom letter account end number text credit card account spent credit limit month limit usag limit day date credit limit action credit amount subject updat use avail credit chase slate account letter account end number text credit card account payment compar balanc credit limit result limit day fro date credit limit action credit amount action credit score rang   2020 action effect credit account credit score bank credit limit custom fair credit opportun act credit card chase request account bank chase credit card chase year action despic account credit score discrimin credit custom loan shark compani payment sky interest destroy credit rate dollar corpor law consum powerless earn credit worthi system
"On XX/XX/XXXX I was told by salesman and his supervisor that I would get full value on my trade-in and told them I was only interested in trading in my XXXX XXXX XXXX if they could pay off the full amount of my remaining loan of {$11000.00}. They said yes, and I proceeded to purchase my XXXX XXXX XXXX from them. However, upon inspecting my bill of sale it is clear they only valued my trade-in at {$10000.00} and rolled the remaining {$1900.00} into the new vehicle loan. This was not pointed out at the time of sale and I did n't notice it until reviewing all the paperwork months later.",Vehicle loan or lease + Loan, salesman supervisor valu interest trade amount loan  howev bill sale roll loan point time sale review paperwork month
"On XXXX I made my XXXX mortgage payment ( XXXX ) on line with Chase Bank. On XXXX, I received a notice from my bank ( XXXX ) that my checking account had a negative balance of XXXX. I reviewed my account and Chase Bank had taken out XXXX payments, instead of XXXX. I contact them on XXXX and was told that XXXX could not be credited back the same day. But it would be back in my account on XXXX on XXXX the funds had not been put back into my account. I contact Chase and was told that, because the entire amount of XXXX was not being return, then I would have wait for a paper check to be sent out. I advise the associate to transfer me to a manager, she confirmed that her manager would speak with me, but she was ending a meeting and would take the call. She then came back and advise that her manager advise her that she would need to call me back. She provided me her manager 's phone number XXXX, but I did not understand the name. I then left a voice message for the manager, as she had requested. I called the manager back and received her voice mail again, I explain to her that my account was in negative and that I need to confirmed that funds would be credited back to me today. I then advise that I would be filing a complaint with the CFPB and that I would also being sending an email to the CEO.",Mortgage + Conventional fixed mortgage, payment line bank bank check account balanc  review account bank payment contact  credit day fund account contact chase amount return paper check advis associ transfer manag confirm manag meet call manag advis provid manag phone number understand name messag manag request call manag voic mail account fund credit today advis complaint cfpb email ceo
"I have been a chase customer for over 10 years. I had 2 credit cards with chase, a Slate card that I had for 10 years and a Sapphire card that I recently received in XX/XX/2018. In XX/XX/2018 I submitted multiple applications for chase cards that I took interest in to help built my credit score and profile. At the time I only had my Chase Slate account reporting on my credit. Shortly after that I found out that Chase cancelled both of my account and when speaking to a representative of chase they told me they cancelled them due to me applying for multiple applications and due to they noticed an increase in spending on my account. I was confused by that comment because my Chase Slate card was paid off and for my Sapphire card I was only spending 17 percent on my credit limit. I found out my Sapphire card was closed when I tried to purchase an educational course and was declined. I really Love chase and I was very happy to be a customer of theirs. I was very sad to see that my accounts were close after 10 years. And due to that my credit profile has really taken a hit.",Credit card or prepaid card + General-purpose credit card or charge card,chase custom year credit card chase card year receiv card interest help credit score profil time account report credit cancel account cancel appli multipl account comment chase card percent credit limit tri purchas educ declin chase happi custom see year credit profil hit
"Went to Chase bank for a refi. Only Bc of divorce and I need it out of my ex 's name. I only owe 14 years. The original loan was XXXX. I only wanted to refi the balance of XXXX. For 15 years. They took my XXXX. I gave them all the info requested. I have a credit score of XXXX/XXXX. They then need me to come in an sign a letter the mortgage person typed up. Stating that I live in my Condo. Bc I recently married. They had my husband fill out papers as cosigned when I do n't need it. They then asked for a 3 way call with my bank, I was 3 months ahead on my home loan in XXXX. Then they did it again fot a XXXX balance on my XXXX card. Then they had my husband do the same with his bank. Then they call us and make a offer for a higher interest rate then what we agreed on. A whole percent higher. Said they did n't believe I lived there. I said go there my clothes are there ask the management company. They refused and called me a liar. In fact she hung up on me. So I am out of the {$410.00} for the Loan. I can payoff the loan we have in money markets. But the unscubluous practice of Chase bank taking money and then changing the terms to get a higher rate is wrong and should be address. After thinking about it one day I went down to the front desk and asked our security do you keep records of my fob to get in and out of the building he said yes but he did n't know how far back it went. He went back to XXXX 2014. It shows every time I enter or left the building. He printed me a copy of my entrance and exits. I took them to my local bank and showed her and she said she would have the local manager call me. I got nothing from them. I called and left messages with the state of Fla area XXXX XXXX. He never returned my call. I would n't want a loan from them now if they gave it to me. I removed XXXX from my accounts there. And put it in my XXXX credit union. But I feel I should get my {$410.00}. They sent us through all kinds of unnecessary info and we provided it. We did on our end everything and was turned down. Chase should be penalized for taking people money. Yes make it know to everyone do not use Chase to do a refi or get a loan. Please feel free to call me. XXXX typed the letter at the bank and had us sign it. I have XXXX other investment properties that are rented out and I understand about investment and I put my XXXX % down years ago. Why would I rent out my home downtown where I love? Either way property appraiser has already dropped by and inspected for himself. I have his card. Which I told them about the unannounced inspection.",Mortgage + Conventional fixed mortgage,bank refi bc divorc ex name year origin loan balanc  year request credit score  sign letter person type state condo marri husband paper cosign way call bank month home loan fot balanc card husband bank offer interest rate agre percent ask manag compani call liar fact hung loan payoff loan money market chase bank money term rate address day desk ask keep record fob show time enter build print copi entranc exit bank show manag call call state area call loan remov account credit union kind info provid turn take peopl money everyon use chase refi get loan call letter bank rent understand invest % year home downtown way properti apprais drop inspect card inspect
"Dear Consumer Financial Protection Bureau, JP Morgan Chase Bank , N.A . together with its ' representatives XXXX XXXX, XXXX XXXX, and XXXX XXXX attempt to steer husband and wife away from the benefits of the XXXX XXXX Harp Re-Finance Program and the 60 day, 4 % signed Lock-In Agreement dated XXXX XXXX, 2015 by the delay in service, the delay of a well-timed "" Close '', the entry to record of an errored appraisal, the withhold of information by not providing the disclosures of the Good Faith Estimate Settlement of Charges in a timely manner ; and the withhold of information by not providing the disclosures of the Truth in Lending Statement in a timely manner. 
As a result, we write this complaint to the CFPB against JP Morgan Chase Bank N.A . together with its representatives XXXX XXXX, XXXX XXXX, and XXXX XXXX. Herewith are the details : On XXXX XXXX 2015, we verbally began the process to enter into the XXXX XXXX HARP Re-finance Program with JP Morgan Chase Bank , N.A . representative XXXX XXXX ; thereafter, JP Morgan Chase Bank N.A . representatives XXXX XXXX and XXXX XXXX joined the process. 
Then on XXXX XXXX, 2015 XXXX XXXX XXXX, performed an appraisal ; thereafter, the submission of an error report is entered into the record which indicates the address of interest has a fourth illegal unit and kitchen. This is false information because the fourth floor does not exist. 
Though the 60 day, 4 % Lock-In Agreement is dated XXXX XXXX, 2015, JP Morgan Chase Bank , N.A . Representative XXXX XXXX did not email the document until XXXX XXXX, 2015 ; delay in service. 
In response to the XXXX XXXX, 2015 email from JP Morgan Chase Bank N.A . representative XXXX XXXX, on XXXX XXXX we signed and returned by email the 60 day, 4 % Lock-In Agreement dated XXXX XXXX, 2015 together with the additional documents requested. 
Meanwhile, we did not hear from JP Morgan Chase Bank N.A . representatives XXXX XXXX, XXXX XXXX, or XXXX XXXX until XXXX XXXX, 2015 ; delay of a well-timed close. 
Lastly, on XXXX XXXX, 2015, we received from JP Morgan Chase Bank , N.A . Representatives XXXX XXXX, XXXX XXXX, and XXXX XXXX an "" Approval Letter '' that is a "" Counter Offer '' at the increased interest rate of 4.125 % ( 4.5 % APR ), even though the 60 day, 4 % XXXX XXXX, 2015 Lock-In Agreement remained in place ; delay in service. 
Finally, without the disclosures of the Good Faith Estimate Settlement of Charges and without the disclosure of the Truth in Lending Statement, is an attempt by JP Morgan Chase Bank NA Representatives XXXX XXXX, XXXX XXXX, and XXXX XXXX to withhold information and prevent a timely close. 
In conclusion, we wish to:1. Complete and finalize the XXXX XXXX HARP Re-Finance Program ; ( attached ) 2. Secondly, to maintain the 60 day, Lock-In Agreement dated XXXX XXXX, 2015 at the interest rate of 4.0 % ; ( attached ) 3. Thirdly, to "" Close '' on or before the end of business day of XXXX XXXX, 2015 because the 60 day, 4 % XXXX XXXX of XXXX XXXX, 2015 has the expiration date of XXXX XXXX, 2015 ; XXXX. Fourthly, because of the delay in service, we expect an extension of the 60 day, 4 % XXXX XXXX, 2015 Lock-In Agreement if the XXXX XXXX, 2015 date of close can not be met. 
5. Lastly, we again request and seek the disclosure of the Good Faith Estimate Settlement of Charges document, never issued but, requested by email on XXXX XXXX, 2015 ; 6. Finally, we again request and seek the disclosure of the Truth in Lending Disclosure Statement never issued but, requested on XXXX XXXX, 2015. ( attached ). 
7. Equally important, we seek a correction of the XXXX XXXX, 2015 error appraisal provided by XXXX XXXX , XXXX, Appraiser XXXX XXXX, and hired by JP Morgan Chase Bank N.A.. ( error page attached )",Mortgage + Conventional fixed mortgage,consum financi protect bureau jp bank togeth  attempt steer husband wife  program day % sign agreement date delay servic entri record error apprais inform provid disclosur faith estim settlement charg time manner provid disclosur truth statement time manner result complaint cfpb jp bank n.a  herewith detail   enter program jp bank  thereaft jp bank n.a join process    perform apprais thereaft error report enter record indic interest unit kitchen floor exist day % agreement date jp bank email document delay servic email jp bank n.a sign return day % agreement date togeth addit document request meanwhil bank n.a  jp bank letter counter offer interest rate % % apr day %  agreement remain place delay servic faith estim settlement charg disclosur truth statement attempt jp bank  prevent time conclus to:1. complet  program attach day agreement date interest rate % attach busi day day % expir date delay servic day %  agreement date met seek disclosur faith estim settlement charg document issu request email seek disclosur truth disclosur statement   attach import correct error apprais provid apprais hire jp bank page attach
